-- MySQL dump 10.13  Distrib 5.7.23, for Linux (x86_64)
--
-- Host: 127.0.0.1    Database: stud
-- ------------------------------------------------------
-- Server version	5.7.20

/*!40101 SET @OLD_CHARACTER_SET_CLIENT=@@CHARACTER_SET_CLIENT */;
/*!40101 SET @OLD_CHARACTER_SET_RESULTS=@@CHARACTER_SET_RESULTS */;
/*!40101 SET @OLD_COLLATION_CONNECTION=@@COLLATION_CONNECTION */;
/*!40101 SET NAMES utf8 */;
/*!40103 SET @OLD_TIME_ZONE=@@TIME_ZONE */;
/*!40103 SET TIME_ZONE='+00:00' */;
/*!40014 SET @OLD_UNIQUE_CHECKS=@@UNIQUE_CHECKS, UNIQUE_CHECKS=0 */;
/*!40014 SET @OLD_FOREIGN_KEY_CHECKS=@@FOREIGN_KEY_CHECKS, FOREIGN_KEY_CHECKS=0 */;
/*!40101 SET @OLD_SQL_MODE=@@SQL_MODE, SQL_MODE='NO_AUTO_VALUE_ON_ZERO' */;
/*!40111 SET @OLD_SQL_NOTES=@@SQL_NOTES, SQL_NOTES=0 */;

--
-- Table structure for table `answer`
--

DROP TABLE IF EXISTS `answer`;
/*!40101 SET @saved_cs_client     = @@character_set_client */;
/*!40101 SET character_set_client = utf8 */;
CREATE TABLE `answer` (
  `id` int(11) NOT NULL AUTO_INCREMENT,
  `question_id` int(11) DEFAULT NULL,
  `text` varchar(255) COLLATE utf8_unicode_ci NOT NULL,
  `is_correct` tinyint(1) NOT NULL DEFAULT '0',
  PRIMARY KEY (`id`),
  KEY `IDX_DADD4A251E27F6BF` (`question_id`),
  CONSTRAINT `FK_DADD4A251E27F6BF` FOREIGN KEY (`question_id`) REFERENCES `question` (`id`)
) ENGINE=InnoDB AUTO_INCREMENT=426 DEFAULT CHARSET=utf8 COLLATE=utf8_unicode_ci;
/*!40101 SET character_set_client = @saved_cs_client */;

--
-- Dumping data for table `answer`
--

LOCK TABLES `answer` WRITE;
/*!40000 ALTER TABLE `answer` DISABLE KEYS */;
INSERT INTO `answer` VALUES (1,1,'обеспечивающие одновременную работу нескольких пользователей',0),(2,1,'поддерживающие сетевую работу компьютеров',0),(3,1,'обеспечивающие запуск одновременно нескольких программ',1),(4,1,'состоящие более чем из одной программы',0),(5,2,'многоуровневая (многослойная) организация',1),(6,2,'микроядерная организация',2),(7,2,'реализация распределеннная',0),(8,2,'монолитная организация',0),(9,3,'высокоуровневые диспетчеры ресурсов',1),(10,3,'аппаратная поддержка функций ОС процессором',1),(11,3,'базовые исполнительные модули',1),(12,3,'набор системных функций',1),(13,4,'поддержка многозадачности',1),(14,4,'поддержка сетевых функций',1),(15,4,'обеспечение безопасности и защиты данных',1),(16,4,'предоставление большого набора системных функций разработчикам приложений',0),(17,5,'открытость и доступность исходного кода',1),(18,5,'ориентация на использование оконного графического интерфейса',0),(19,5,'использование языка высокого уровня С',1),(20,5,'возможность достаточно легкого перехода на другие аппаратные платформы',1),(21,6,'системы семейства Windows',1),(22,6,'системы семейства Unix/Linux',1),(23,6,'системы семейства MS DOS',0),(24,6,'системы семейства IBM OS 360/370',0),(25,7,'защита кода и данных разных приложений, размещенных вместе в основной памяти',1),(26,7,'централизованное управление ресурсами со стороны ОС',1),(27,7,'переключение процессора с одного приложения на другое',1),(28,7,'необходимость размещения в основной памяти кода и данных сразу многих приложений',0),(29,8,'примерно поровну используются системы семейств Windows и Unix/Linux',1),(30,8,'около 10 % — системы семейства Windows, около 90 % — системы смейства Unix/Linux',0),(31,8,'около 90 % — системы семейства Windows, около 10 % — системы семейства Unix/Linux',0),(32,8,'около 30 % — системы семейства Windows, около 30 % — системы семейства Unix/Linux, около 40 % — другие системы',0),(33,9,'ядро реализует наиболее важные функции ОС',1),(34,9,'подпрограммы ядра выполняются в привилегированном режиме работы процессора',1),(35,9,'ядро в сложных ОС может строиться по многоуровневому принципу',0),(36,9,'ядро всегда реализуется на аппаратном уровне',0),(37,10,'формирование сообщения и помещение его в системную очередь',0),(38,10,'распределение сообщений по очередям приложений',1),(39,10,'вызов оконной функции для обработки сообщения',1),(40,10,'извлечение сообщения из очереди приложения',0),(41,11,'попытка деления на ноль',1),(42,11,'попытка выполнения запрещенной команды',0),(43,11,'попытка обращения по несуществующему адресу',1),(44,11,'щелчок кнопкой мыши',0),(45,12,'проверка состояния устройства',1),(46,12,'запись данных в регистры контроллера',1),(47,12,'чтение данных из регистров контроллера',1),(48,12,'обработка прерываний от устройства',0),(49,13,'обращение к таблице векторов прерываний для определения адреса первой команды вызываемого обработчика',1),(50,13,'сохранение контекста для прерываемого программного кода',0),(51,13,'занесение в счетчик команд начального адреса вызываемого обработчика',1),(52,13,'внесение необходимых изменений в таблицу векторов прерываний',1),(53,14,'драйверы',1),(54,14,'диспетчер ввода/вывода',0),(55,14,'системные вызовы',1),(56,14,'контроллеры',0),(57,15,'порядковый номер или адрес регистра контроллера',1),(58,15,'машинную команду ввода/вывода',0),(59,15,'устройство ввода/вывода',0),(60,15,'контроллер устройства ввода/вывода',0),(61,16,'внешние или аппаратные прерывания',1),(62,16,'внутренние прерывания или исключения',1),(63,16,'программные псевдопрерывания',1),(64,16,'системные прерывания',0),(65,17,'прерывания — это механизм реагирования вычислительной системы на происходящие в ней события',1),(66,17,'прерывания используются для синхронизации работы основных устройств вычислительной системы',0),(67,17,'прерывания возникают в непредсказуемые моменты времени',1),(68,17,'прерывания — это основной механизм планирования потоков',0),(69,18,'текущее состояние устройства',1),(70,18,'текущую выполняемую устройством команду',1),(71,18,'данные, передаваемые от устройства системе',0),(72,18,'данные, передаваемые системой устройству',0),(73,19,'сбой аппаратуры > таймер > дисковые устройства > сетевые устройства > клавиатура и мышь',0),(74,19,'сбой аппаратуры > таймер > дисковые устройства > клавиатура и мышь > сетевые устройства',0),(75,19,'таймер > сбой аппаратуры > дисковые устройства > сетевые устройства > клавиатура и мышь',1),(76,19,'сбой аппаратуры > дисковые устройства > таймер > сетевые устройства > клавиатура и мышь',0),(77,20,'нажатие клавиши на клавиатуре',1),(78,20,'завершение дисковой операции',1),(79,20,'обращение выполняемой процессором команды по несуществующему адресу',0),(80,20,'попытка выполнения запрещенной команды',0),(81,21,'управление процессами;',0),(82,21,'управление полетами;',1),(83,21,'управление памятью;',0),(84,21,'управление устройствами ввода-вывода.',0),(85,22,'библиотеки;',0),(86,22,'утилиты;',0),(87,22,'драйверы;',1),(88,22,'оболочки.',0),(89,23,'KDE;',0),(90,23,'Gnome;',1),(91,23,'Xfce;',0),(92,23,'Lxde.',0),(93,24,'антивирусными;',0),(94,24,'системными;',0),(95,24,'архиваторами;',1),(96,24,'файловыми менеджерами.',0),(97,25,'фон;',0),(98,25,'заставка;',1),(99,25,'тема рабочего стола;',0),(100,25,'панель управления.',0),(101,26,'exe;',0),(102,26,'com;',0),(103,26,'doc;',0),(104,26,'bat.',1),(105,27,'область на диске для выгрузки задач;',0),(106,27,'структура с набором системных переменных;',0),(107,27,'база данных для хранения сведений о конфигурации компьютера и настроек ОС;',1),(108,27,'данные о многоуровневой очереди с обратной связью.',0),(109,28,'MS DOS;',0),(110,28,'OS/2;',0),(111,28,'Mac OS;',0),(112,28,'Microsoft.',1),(113,29,'в оперативном запоминающем устройстве;',0),(114,29,'на винчестере;',0),(115,29,'на CD-ROM;',0),(116,29,'в постоянном запоминающем устройстве.',1),(117,30,'система пакетной обработки;',0),(118,30,'система реального времени;',0),(119,30,'система индивидуальной обработки.',1),(120,31,'RENAME;',1),(121,31,'RMDIR;',0),(122,31,'TYPE;',0),(123,31,'COPY.',0),(124,32,'CHDIR;',0),(125,32,'RMDIR;',0),(126,32,'MKDIR;',1),(127,32,'DIR/Р.',0),(128,33,'загрузки программ в оперативную память ЭВМ;',0),(129,33,'обработки команд, введенных пользователем;',0),(130,33,'считывания в память модулей операционной системы;',1),(131,33,'подключения устройств ввода-вывода.',0),(132,34,'процессами;',0),(133,34,'заданиями;',1),(134,34,'устройствами ввода-вывода;',0),(135,34,'файловой системой.',0),(136,35,'процесс;',0),(137,35,'дескриптор;',0),(138,35,'поток;',0),(139,35,'контекст.',1),(140,36,'выполнение;',0),(141,36,'синхронизация;',1),(142,36,'ожидание;',0),(143,36,'готовность.',0),(144,37,'аппаратных;',0),(145,37,'асинхронных;',0),(146,37,'внутренних;',0),(147,37,'программных.',1),(148,38,'дисковых систем;',0),(149,38,'драйверов дисков;',0),(150,38,'ОС;',1),(151,38,'пользовательских программ.',0),(152,39,'идентификатор процесса;',0),(153,39,'информацию о состоянии процесса;',0),(154,39,'данные о родственных процессах;',0),(155,39,'режим работы процессора.',1),(156,40,'практически неограничен;',0),(157,40,'512 Мбайт;',0),(158,40,'2 Гбайта;',1),(159,40,'16 Гбайт',0),(160,41,'в операционной системе;',0),(161,41,'в самом первом секторе на винчестере;',1),(162,41,'в самом первом цилиндре на винчестере;',0),(163,41,'в самой первой дорожке на винчестере.',0),(164,42,'загрузчик;',0),(165,42,'утилита;',1),(166,42,'драйвер;',0),(167,42,'пакетный файл.',0),(168,43,'резидентный вирус;',0),(169,43,'очень опасный вирус;',0),(170,43,'вирус-мутант;',0),(171,43,'загрузочный вирус.',1),(172,44,'дефрагментация;',0),(173,44,'архивация;',1),(174,44,'дезактивация;',0),(175,44,'иммунизация.',0),(176,45,'появится надпись, с предложением обратиться к администратору;',0),(177,45,'загрузится операционная система, которая была инсталлирована последней;',1),(178,45,'компьютер выключится;',0),(179,45,'компьютер будет ждать вашего решения.',0),(180,46,'Start;',0),(181,46,'Echo;',1),(182,46,'Pause;',0),(183,46,'Help.',0),(184,47,'Линус Торвальдс;',1),(185,47,'Билл Гейтс;',0),(186,47,'Эндрю Таненбаум;',0),(187,47,'Пол Аллен.',0),(188,48,'Windows;',1),(189,48,'Linux;',0),(190,48,'MacOS;',0),(191,48,'Solaris.',0),(192,49,'начальная;',0),(193,49,'стартовая;',0),(194,49,'корневая;',1),(195,49,'папка верхнего уровня.',0),(196,50,'оболочек операционной системы Linux;',1),(197,50,'операционных систем;',0),(198,50,'графических редакторов;',0),(199,50,'браузеров.',0),(200,51,'форматирование;',0),(201,51,'фрагментация;',0),(202,51,'дефрагментация;',1),(203,51,'установка драйвера.',0),(204,52,'диспетчер ввода-вывода;',0),(205,52,'диспетчер объектов;',1),(206,52,'диспетчер процессов;',0),(207,52,'диспетчер виртуальной памяти.',0),(208,53,'CHDIR;',0),(209,53,'RMDIR;',0),(210,53,'MKDIR;',0),(211,53,'DIR.',1),(212,54,'ECHO;',0),(213,54,'PAUSE;',1),(214,54,'CLS;',0),(215,54,'REM.',0),(216,55,'обеспечение организации и хранения файлов;',0),(217,55,'подключения устройств ввода/вывода;',0),(218,55,'организация обмена данными между компьютером и различными периферийными устройствами;',0),(219,55,'организация диалога с пользователем, управление ресурсами компьютера.',1),(220,56,'ресурс;',0),(221,56,'процесс;',1),(222,56,'поток;',0),(223,56,'загрузчик.',0),(224,57,'многозадачные;',1),(225,57,'многопользовательские;',0),(226,57,'многопроцессорные.',0),(227,58,'выполнение → готовность;',0),(228,58,'ожидание →выполнение;',1),(229,58,'ожидание → готовность;',0),(230,58,'готовность → ожидание.',0),(231,59,'процесс;',0),(232,59,'дескриптор;',1),(233,59,'поток;',0),(234,59,'контекст.',0),(235,60,'режим работы процессора;',0),(236,60,'данные о родственных процессах;',1),(237,60,'флаги;',0),(238,60,'указатели на открытые файлы.',0),(239,61,'вместе с файлом;',1),(240,61,'в каталогах;',0),(241,61,'в индексных дескрипторах;',0),(242,61,'в таблицах FAT.',0),(243,62,'загрузочным;',0),(244,62,'основным;',0),(245,62,'активным;',1),(246,62,'пассивным.',0),(247,63,'размер кластера на диске;',0),(248,63,'разрядность элемента в таблице FAT;',1),(249,63,'допустимое количество символов в имени файла.',0),(250,64,'текст, распечатанный на принтере;',0),(251,64,'поименованная область данных на внешнем носителе памяти;',1),(252,64,'программа в оперативной памяти;',0),(253,64,'единица измерения информации.',0),(254,65,'игровая программа;',0),(255,65,'диалоговая оболочка;',0),(256,65,'базовая система ввода-вывода;',1),(257,65,'командный язык операционной системы.',0),(258,66,'вытесняющая многозадачность;',0),(259,66,'кооперативная (не вытесняющая) многозадачность;',1),(260,66,'симметричная многозадачность;',0),(261,66,'параллельная многозадачность.',0),(262,67,'подключении ЭВМ к электронной сети',0),(263,67,'обработке данных, вводимых в ЭВМ',1),(264,67,'выводанных на печать.',0),(265,68,'длительнохранения информации',0),(266,68,'хранения неизменяемой информации',0),(267,68,'кратковременнохранения информации в текущий момент времени.',1),(268,69,'длительнохранения информации',1),(269,69,'хранения неизменяемой информации',0),(270,69,'кратковременнохранения информации в текущий момент времени.',0),(271,70,'системных плат',0),(272,70,'специальных электронных ячеек',1),(273,70,'специальных файлов.',0),(274,71,'накопители на гибких магнитных дисках',1),(275,71,'оперативные запоминающие устройства',0),(276,71,'накопители на жестких магнитных дисках',1),(277,71,'стриммеры',0),(278,71,'плоттеры.',0),(279,72,'клавиатура',1),(280,72,'диджитайзер',1),(281,72,'мышь',1),(282,72,'принтер',0),(283,72,'графопостроитель',0),(284,72,'сетевой адаптер',0),(285,73,'управляет созданием и отображением на дисплее изображения',0),(286,73,'служит для создания и обработки звука и вывоена головные телефоны или колонки',1),(287,73,'обеспечивает электропитание остальных компонентов',0),(288,73,'служит для долговременного хранения данных',0),(289,74,'память',0),(290,74,'системный блок',1),(291,74,'процессор',0),(292,74,'дисковод',0),(293,75,'процессор',0),(294,75,'клавиатура',1),(295,75,'память',0),(296,75,'принтер',0),(297,76,'устройстввода',0),(298,76,'устройствывода',0),(299,76,'системный блок',0),(300,76,'магистраль',1),(301,77,'управляет созданием и отображением на дисплее изображения',1),(302,77,'служит для создания и обработки звука и вывоена головные телефоны или колонки',0),(303,77,'обеспечивает электропитание остальных компонентов',0),(304,77,'служит для долговременного хранения данных',0),(305,78,'выключить монитор',0),(306,78,'отключить периферийные устройства',0),(307,78,'перезагрузить компьютер',1),(308,78,'вытащить дискету из дисковода',0),(309,79,'неисправности кулера',1),(310,79,'испорченнодисковода',0),(311,79,'порванношлейфа',0),(312,79,'вирусов',0),(313,80,'центральный процессор',0),(314,80,'блок питания',1),(315,80,'видеокарта',0),(316,80,'системнплата',0),(317,81,'в оперативной памяти ',1),(318,81,'на гибком диске ',0),(319,81,'на жестком диске ',0),(320,81,'на CD-ROM диске ',0),(321,82,'программы, входящие в дистрибутив операционной системы;',0),(322,82,'резидентная часть операционной системы;',1),(323,82,'основная программа, принимающая и обрабатывающая команды пользователя;',0),(324,82,'графическая оболочка, позволяющая выполнить операции с файлами и каталогами',0),(325,83,'режим монопольного владения процессором на время работы программы;',1),(326,83,'режим, при котором программа в любой момент может монопольно завладеть процессором;',0),(327,83,'режим неограниченного доступа ко всем ресурсам компьютера;',0),(328,83,'режим, при котором программа имеет привилегии перед другими программами в условиях многозадачности.',0),(329,84,'управление включением/выключением компьютера, управление памятью, управление файлами и каталогами, управление пользователями;',0),(330,84,'управление памятью, выполнение команд пользователя, управление файлами и каталогами',0),(331,84,'управление процессами, управление памятью, управление периферийными устройствами',0),(332,84,'управление устройствами, управление данными, управление памятью, управление процессами',1),(333,85,'оперативная память и свободное место на диске;',0),(334,85,'файл, из которого или в который происходит ввод-вывод;',0),(335,85,'любой аппаратный или программный объект, который может понадобиться для работы процесса и доступ к которому может при этом вызвать конкуренцию процессов',1),(336,85,'любой аппаратный или программный объект, который может понадобиться для работы процесса и работа с которым не вызывает конфликта с другими процессами',0),(337,86,'режим многозадачности, при котором переключение процессов возможно в любой момент времени;',0),(338,86,'режим многозадачности, при котором переключение процессов возможно через определенные кванты времени',0),(339,86,'режим многозадачности, при котором переключение процессов выполняется поочередно в порядке их приоритетов;',0),(340,86,'режим, при котором переключение процессов возможно только, когда работающий процесс вызовет системную функцию;',1),(341,87,'режим многозадачности, при котором переключение процессов возможно в любой момент времени;',0),(342,87,'режим, при котором переключение процессов возможно только, когда работающий процесс вызовет системную функцию;',0),(343,87,'режим многозадачности, при котором каждый новый процесс монопольно занимает процессорное время, а состояние остальных процессов записывается в файл подкачки;',0),(344,87,'режим многозадачности, при котором переключение процессов происходит через определенные кванты времени соответственно приоритетам',1),(345,88,'операционную систему, программу ее установки и настройки, сопровождение и регулярное обновление;',1),(346,88,'только операционную систему и программу ее установки;',0),(347,88,'операционную систему, программу ее установки и наиболее популярные прикладные программы;',0),(348,88,'операционную систему, программу ее установки и наиболее популярные системные утилиты от сторонних разработчиков.',0),(349,89,'FAT16 либо FAT32;',0),(350,89,'NTFS;',0),(351,89,'journalized ext3 FS;',1),(352,89,'любую из перечисленных.',0),(353,90,'/etc/users',0),(354,90,'/etc/passwd',1),(355,90,'/root/passwd',0),(356,90,'/system/passwd',0),(357,91,'параллельное выполнение нескольких команд, причем переключение между ними производится в строгой очередности;',0),(358,91,'параллельное выполнение нескольких команд, при этом вывод одной команды перенаправляется на стандартный ввод следующей;',1),(359,91,'последовательное выполнение нескольких команд, причем каждая следующая команда начинает выполняться после завершения предыдущей;',0),(360,91,'последовательное выполнение нескольких команд..',0),(361,92,'собранную программу, сценарии действий до установки и после нее, информацию о зависимостях от других пакетов;',1),(362,92,'собранную программу, сценарии действий до установки и после нее;',0),(363,92,'собранную программу, информацию о зависимостях от других пакетов, программу-установщик setup либо install;',0),(364,92,'собранную программу и программу-установщик setup либо install.',0),(365,93,'программа, которая преобразует команды пользователя в действия операционной системы;',1),(366,93,'программа, которая выполняет команды пользователя;',0),(367,93,'часть операционной системы, котороая выполняет команды пользователя.',0),(368,94,'выводит на экран список файлов текущего каталога;',0),(369,94,'делает заданный каталог текущим и выводит список файлов;',0),(370,94,'выполняет переход в заданный каталог;',0),(371,94,'выводит на экран список файлов каталога, заданного в командной строке либо текущего.',1),(372,95,'mkfile;',0),(373,95,'copy;',0),(374,95,'cp',1),(375,96,'программа для создания, удаления, копирования файлов;',0),(376,96,'программа для перемещения по каталогам;',0),(377,96,'программа управления атрибутами и редактирования файлов;',0),(378,96,'программа, выполняющая все перечисленные функции.',1),(379,97,'logout;',0),(380,97,'shutdown;',1),(381,97,'exit;',0),(382,97,'quit.',0),(383,98,'текстовый и графический;',0),(384,98,'редактирования и копирования;',0),(385,98,'вставки, командный и режим командной строки;',1),(386,98,'вставки и замены.',0),(387,99,'с помощью 9 символов или трехзначного шестнадцатеричного числа;',0),(388,99,'с помощью 3 символов или трехзначного восьмеричного числа;',0),(389,99,'с помощью 9 символов или трехзначного восьмеричного числа;',1),(390,99,'с помощью 9 символов.',0),(391,100,'доступ с правами администратора или пользователя;',0),(392,100,'разграничение доступа для владельца, членов его группы и остальных пользователей;',1),(393,100,'разграничение прав доступа для владельца и остальных пользователей;',0),(394,100,'доступ «только для чтения» для всех, кроме владельца файла.',0),(395,101,'в зашифрованном виде, недоступном для просмотра;',0),(396,101,'в зашифрованном виде, просмотр – с помощью программы-конфигуратора;',0),(397,101,'в текстовом формате, просмотр и редактирование – только с помощью редактора vi;',0),(398,101,'в текстовом формате, просмотр и редактирование – любым текстовым редактором.',1),(399,102,'все страницы имеют одинаковые размеры, а разбиение виртуального адресного пространства процесса на страницы выполняется системой автоматически;',1),(400,102,'размер страниц выбирается операционной системой в зависимости от объема свободной оперативной памяти;',0),(401,102,'размер страниц определяется программой при ее запуске;',0),(402,102,'страницы имеют одинаковый размер, количество страниц определяется программой при ее запуске.',0),(403,103,'Асимметричная ОС целиком выполняется только на одном из процессоров компьютера, распределяя прикладные задачи по остальным процессорам;',1),(404,103,'Симметричная ОС полностью децентрализована и использует все процессоры, разделяя их между системными и прикладными задачами;',1),(405,103,'Асимметричная ОС выполняется на нескольких процессорах компьютера;',0),(406,103,'В симметричной ОС процессоры одна половина процессоров отводится для системных задач, вторая – для прикладных.',0),(407,104,'единственная учётная запись, принадлежащая администратору системы',1),(408,104,'учётная запись, гарантированно дающая пользователю исключительные права работы в системе',0),(409,104,'учётная запись, которую рекомендуется использовать администратору системы, даже если у него имеется персональная учётная запись',0),(410,105,'указать, кто является обладателем всех прав на это программное обеспечение',0),(411,105,'определить круг прав пользователя по отношению к этому программному обеспечению',1),(412,105,'определить, на каких условиях можно продавать данное программное обеспечение',0),(413,105,'сделать данное программное обеспечение свободным.',0),(414,106,'чем выше привилегии процесса, тем меньше времени он будет проводить в очередях;',1),(415,106,'первый пришел - первый обслужился (FIFO);',0),(416,106,'последний пришел - первый обслужился (LIFO).',0),(417,107,'невытесняющая многозадачность;',1),(418,107,'вытесняющая многозадачность;',0),(419,107,'алгоритмы, основанные на квантовании.',0),(420,108,'прерывание;',1),(421,108,'процесс;',0),(422,108,'ожидание.',0),(423,109,'невытесняющая многозадачность;',0),(424,109,'вытесняющая многозадачность;',1),(425,109,'алгоритмы, основанные на квантовании.',0);
/*!40000 ALTER TABLE `answer` ENABLE KEYS */;
UNLOCK TABLES;

--
-- Table structure for table `exam`
--

DROP TABLE IF EXISTS `exam`;
/*!40101 SET @saved_cs_client     = @@character_set_client */;
/*!40101 SET character_set_client = utf8 */;
CREATE TABLE `exam` (
  `id` int(11) NOT NULL AUTO_INCREMENT,
  `user_id` int(11) DEFAULT NULL,
  `date_start` datetime NOT NULL,
  `date_end` datetime DEFAULT NULL,
  `result` int(11) DEFAULT NULL,
  `updated_at` datetime DEFAULT NULL,
  PRIMARY KEY (`id`),
  KEY `IDX_38BBA6C6A76ED395` (`user_id`),
  CONSTRAINT `FK_38BBA6C6A76ED395` FOREIGN KEY (`user_id`) REFERENCES `user` (`id`)
) ENGINE=InnoDB AUTO_INCREMENT=142 DEFAULT CHARSET=utf8 COLLATE=utf8_unicode_ci;
/*!40101 SET character_set_client = @saved_cs_client */;

--
-- Dumping data for table `exam`
--

LOCK TABLES `exam` WRITE;
/*!40000 ALTER TABLE `exam` DISABLE KEYS */;
INSERT INTO `exam` VALUES (30,9,'2017-11-21 11:28:51','2017-11-21 11:31:45',2,NULL),(31,9,'2017-11-21 11:31:54','2017-11-21 11:34:45',1,NULL),(32,11,'2017-11-21 11:34:59','2017-11-21 11:38:58',0,NULL),(33,11,'2017-11-21 11:39:10','2017-11-21 11:41:16',0,NULL),(34,11,'2017-11-21 11:41:20','2017-11-21 11:43:20',1,NULL),(35,13,'2017-11-21 11:43:22','2017-11-21 11:46:01',2,NULL),(36,11,'2017-11-21 11:46:14','2017-11-30 11:14:15',14,'2017-11-30 11:14:15'),(37,10,'2017-11-21 11:46:29','2017-11-21 11:47:34',5,NULL),(38,15,'2017-11-21 11:46:41',NULL,NULL,NULL),(39,57,'2017-11-21 11:46:50','2017-11-23 01:40:54',9,'2017-11-23 01:40:54'),(40,9,'2017-11-21 11:47:01','2017-11-23 11:12:53',14,'2017-11-23 11:12:53'),(41,19,'2017-11-21 11:47:41',NULL,NULL,NULL),(42,58,'2017-11-21 11:48:42','2017-11-23 11:41:24',12,'2017-11-23 11:41:24'),(43,12,'2017-11-21 11:50:47','2017-11-23 11:36:45',19,'2017-11-23 11:36:45'),(44,57,'2017-11-23 01:11:00','2017-11-23 01:51:18',5,'2017-11-23 01:51:18'),(45,57,'2017-11-23 01:51:21','2017-11-23 02:26:05',11,'2017-11-23 02:26:05'),(46,57,'2017-11-23 02:26:07','2017-11-23 02:26:38',7,'2017-11-23 02:26:38'),(47,57,'2017-11-23 02:29:19','2017-11-23 08:05:55',18,'2017-11-23 08:05:55'),(49,57,'2017-11-23 08:06:26',NULL,NULL,'2017-11-23 08:06:26'),(50,13,'2017-11-23 10:38:47','2017-11-23 10:49:17',18,'2017-11-23 10:49:17'),(51,20,'2017-11-23 10:53:47','2017-11-23 11:27:41',19,'2017-11-23 11:27:41'),(52,8,'2017-11-23 10:53:54','2017-11-23 11:19:28',13,'2017-11-23 11:19:28'),(53,18,'2017-11-23 10:55:15','2017-11-23 11:13:34',16,'2017-11-23 11:13:34'),(54,17,'2017-11-23 10:55:34','2017-11-23 11:24:18',23,'2017-11-23 11:24:18'),(55,10,'2017-11-23 10:56:30','2017-11-23 11:24:29',13,'2017-11-23 11:24:29'),(56,9,'2017-11-23 11:16:04','2017-11-23 11:35:37',16,'2017-11-23 11:35:37'),(57,18,'2017-11-23 11:17:57','2017-11-23 11:30:31',17,'2017-11-23 11:30:31'),(58,10,'2017-11-23 11:31:32','2017-12-14 11:49:10',13,'2017-12-14 11:49:10'),(59,58,'2017-11-23 11:56:47',NULL,NULL,'2017-11-23 11:56:47'),(60,8,'2017-11-23 12:08:52','2017-11-30 11:28:33',13,'2017-11-30 11:28:33'),(61,24,'2017-11-24 12:35:48','2017-11-24 12:52:33',17,'2017-11-24 12:52:33'),(62,52,'2017-11-24 12:50:25','2017-11-24 13:23:22',17,'2017-11-24 13:23:22'),(63,24,'2017-11-24 12:54:43','2017-11-24 13:04:24',18,'2017-11-24 13:04:24'),(64,35,'2017-11-27 09:11:18','2017-11-27 09:56:08',11,'2017-11-27 09:56:08'),(65,36,'2017-11-27 09:17:35','2017-11-27 09:52:05',21,'2017-11-27 09:52:05'),(66,36,'2017-11-27 09:55:57',NULL,2,'2017-11-27 11:13:45'),(67,48,'2017-11-27 12:55:47','2017-11-27 13:54:28',16,'2017-11-27 13:54:28'),(68,62,'2017-11-27 12:55:47','2017-11-27 13:22:53',14,'2017-11-27 13:22:53'),(69,37,'2017-11-27 12:55:49','2017-11-27 13:11:34',16,'2017-11-27 13:11:34'),(70,45,'2017-11-27 12:55:49','2017-11-27 13:30:31',19,'2017-11-27 13:30:31'),(71,61,'2017-11-27 12:55:49','2017-11-27 13:13:47',9,'2017-11-27 13:13:47'),(72,39,'2017-11-27 12:56:36','2017-11-27 13:30:08',14,'2017-11-27 13:30:08'),(73,63,'2017-11-27 12:56:54','2017-11-27 13:53:08',19,'2017-11-27 13:53:08'),(74,61,'2017-11-27 13:16:04','2017-11-27 13:39:39',22,'2017-11-27 13:39:39'),(75,62,'2017-11-27 13:25:41',NULL,NULL,'2017-11-27 13:25:41'),(76,40,'2017-11-27 13:31:03','2017-11-27 13:47:34',18,'2017-11-27 13:47:34'),(77,37,'2017-11-27 13:34:33','2017-11-27 14:00:34',15,'2017-11-27 14:00:34'),(78,61,'2017-11-27 13:40:49','2017-11-27 14:00:23',19,'2017-11-27 14:00:23'),(79,48,'2017-11-27 13:56:05','2017-12-04 12:41:01',15,'2017-12-04 12:41:01'),(80,37,'2017-11-27 14:04:46','2017-12-11 14:13:41',17,'2017-12-11 14:13:41'),(81,13,'2017-11-30 10:32:20','2017-11-30 10:44:32',17,'2017-11-30 10:44:32'),(82,9,'2017-11-30 10:44:43','2017-11-30 11:08:04',14,'2017-11-30 11:08:04'),(83,17,'2017-11-30 11:04:50','2017-11-30 11:27:49',21,'2017-11-30 11:27:49'),(84,9,'2017-11-30 11:10:49','2017-11-30 11:41:52',14,'2017-11-30 11:41:52'),(85,11,'2017-11-30 11:15:42','2017-11-30 11:35:02',22,'2017-11-30 11:35:02'),(86,17,'2017-11-30 11:28:46','2017-11-30 11:49:42',24,'2017-11-30 11:49:42'),(87,13,'2017-11-30 11:31:07','2017-11-30 11:40:53',15,'2017-11-30 11:40:53'),(88,11,'2017-11-30 11:37:34',NULL,NULL,'2017-11-30 11:37:35'),(89,13,'2017-11-30 11:47:52','2017-11-30 11:57:26',15,'2017-11-30 11:57:26'),(90,26,'2017-12-01 09:08:03','2017-12-01 09:33:57',11,'2017-12-01 09:33:57'),(91,46,'2017-12-01 09:08:08','2017-12-01 10:04:53',17,'2017-12-01 10:04:53'),(92,56,'2017-12-01 09:09:18','2017-12-01 09:24:42',9,'2017-12-01 09:24:42'),(93,30,'2017-12-01 09:09:22','2017-12-01 09:27:47',21,'2017-12-01 09:27:47'),(94,33,'2017-12-01 09:15:29','2017-12-01 09:47:59',26,'2017-12-01 09:47:59'),(95,31,'2017-12-01 09:19:59','2017-12-01 09:52:04',25,'2017-12-01 09:52:04'),(96,38,'2017-12-01 09:20:27','2017-12-01 09:35:42',23,'2017-12-01 09:35:42'),(97,56,'2017-12-01 09:25:29','2017-12-01 09:40:34',11,'2017-12-01 09:40:34'),(98,26,'2017-12-01 09:36:21','2017-12-01 09:49:34',13,'2017-12-01 09:49:34'),(99,38,'2017-12-01 09:39:02',NULL,NULL,'2017-12-01 09:39:02'),(100,46,'2017-12-01 12:41:49','2017-12-08 10:06:33',16,'2017-12-08 10:06:33'),(101,64,'2017-12-01 12:47:12',NULL,0,'2017-12-01 12:48:03'),(102,30,'2017-12-01 15:44:58',NULL,NULL,'2017-12-01 15:44:58'),(103,55,'2017-12-04 12:31:56','2017-12-04 12:50:34',16,'2017-12-04 12:50:34'),(104,48,'2017-12-04 12:41:17','2017-12-04 13:01:10',17,'2017-12-04 13:01:10'),(105,39,'2017-12-04 12:41:21','2017-12-04 13:16:13',18,'2017-12-04 13:16:13'),(106,40,'2017-12-04 12:41:45','2017-12-04 13:05:13',18,'2017-12-04 13:05:13'),(107,61,'2017-12-04 12:46:04','2017-12-04 12:55:59',12,'2017-12-04 12:55:59'),(108,55,'2017-12-04 12:51:23','2017-12-04 13:04:34',20,'2017-12-04 13:04:34'),(109,61,'2017-12-04 12:56:26','2017-12-04 13:27:40',11,'2017-12-04 13:27:40'),(110,45,'2017-12-04 13:02:04','2017-12-04 13:30:43',23,'2017-12-04 13:30:43'),(111,48,'2017-12-04 13:02:30','2017-12-04 13:23:25',22,'2017-12-04 13:23:25'),(112,55,'2017-12-04 13:05:13','2017-12-04 13:20:10',19,'2017-12-04 13:20:10'),(113,40,'2017-12-04 13:06:46','2017-12-04 13:29:50',18,'2017-12-04 13:29:50'),(114,63,'2017-12-04 13:12:11','2017-12-04 14:04:33',22,'2017-12-04 14:04:33'),(115,39,'2017-12-04 13:19:28','2017-12-04 13:59:02',18,'2017-12-04 13:59:02'),(116,61,'2017-12-04 13:29:00','2017-12-11 13:32:36',20,'2017-12-11 13:32:36'),(117,40,'2017-12-04 13:30:57','2017-12-04 13:58:09',21,'2017-12-04 13:58:09'),(118,48,'2017-12-04 13:41:41','2017-12-04 13:58:46',22,'2017-12-04 13:58:46'),(119,40,'2017-12-04 13:59:02',NULL,NULL,'2017-12-04 13:59:02'),(120,20,'2017-12-07 11:06:09','2017-12-07 11:35:43',14,'2017-12-07 11:35:43'),(121,13,'2017-12-07 11:06:15','2017-12-07 11:13:13',19,'2017-12-07 11:13:13'),(122,13,'2017-12-07 11:14:34','2017-12-14 11:06:47',17,'2017-12-14 11:06:47'),(123,9,'2017-12-07 11:16:18','2017-12-07 11:26:20',16,'2017-12-07 11:26:20'),(124,20,'2017-12-07 11:36:10',NULL,NULL,'2017-12-07 11:36:10'),(125,26,'2017-12-08 09:44:06','2017-12-08 10:02:41',16,'2017-12-08 10:02:41'),(126,46,'2017-12-08 10:06:46',NULL,NULL,'2017-12-08 10:06:46'),(127,41,'2017-12-08 12:31:59','2017-12-08 13:01:39',17,'2017-12-08 13:01:39'),(128,34,'2017-12-08 12:32:05','2017-12-08 13:21:50',21,'2017-12-08 13:21:50'),(129,53,'2017-12-08 12:37:07','2017-12-08 12:56:34',12,'2017-12-08 12:56:34'),(130,41,'2017-12-08 13:02:59','2017-12-08 13:23:46',21,'2017-12-08 13:23:46'),(131,53,'2017-12-08 13:16:23',NULL,0,'2017-12-08 13:16:44'),(132,63,'2017-12-11 13:04:44','2017-12-11 13:19:58',23,'2017-12-11 13:19:58'),(133,63,'2017-12-11 13:24:05','2017-12-11 14:03:06',24,'2017-12-11 14:03:06'),(134,61,'2017-12-11 13:34:16','2017-12-11 13:53:58',27,'2017-12-11 13:53:58'),(135,48,'2017-12-11 13:47:31','2017-12-11 14:09:06',23,'2017-12-11 14:09:06'),(136,55,'2017-12-11 13:50:45',NULL,4,'2017-12-11 14:08:06'),(137,61,'2017-12-11 13:59:56',NULL,NULL,'2017-12-11 13:59:56'),(138,9,'2017-12-14 10:48:44','2017-12-14 11:26:08',16,'2017-12-14 11:26:08'),(139,65,'2017-12-14 10:50:19','2017-12-14 11:30:19',14,'2017-12-14 11:30:19'),(140,13,'2017-12-14 11:08:00','2017-12-14 11:25:03',14,'2017-12-14 11:25:03'),(141,66,'2017-12-14 11:47:18','2017-12-14 12:05:17',10,'2017-12-14 12:05:17');
/*!40000 ALTER TABLE `exam` ENABLE KEYS */;
UNLOCK TABLES;

--
-- Table structure for table `exam_answer`
--

DROP TABLE IF EXISTS `exam_answer`;
/*!40101 SET @saved_cs_client     = @@character_set_client */;
/*!40101 SET character_set_client = utf8 */;
CREATE TABLE `exam_answer` (
  `id` int(11) NOT NULL AUTO_INCREMENT,
  `exam_id` int(11) DEFAULT NULL,
  `question_id` int(11) DEFAULT NULL,
  `answers` longtext COLLATE utf8_unicode_ci NOT NULL COMMENT '(DC2Type:simple_array)',
  `created_at` datetime DEFAULT NULL,
  PRIMARY KEY (`id`),
  KEY `IDX_11EE1CAF578D5E91` (`exam_id`),
  KEY `IDX_11EE1CAF1E27F6BF` (`question_id`),
  CONSTRAINT `FK_11EE1CAF1E27F6BF` FOREIGN KEY (`question_id`) REFERENCES `question` (`id`),
  CONSTRAINT `FK_11EE1CAF578D5E91` FOREIGN KEY (`exam_id`) REFERENCES `exam` (`id`)
) ENGINE=InnoDB AUTO_INCREMENT=3044 DEFAULT CHARSET=utf8 COLLATE=utf8_unicode_ci;
/*!40101 SET character_set_client = @saved_cs_client */;

--
-- Dumping data for table `exam_answer`
--

LOCK TABLES `exam_answer` WRITE;
/*!40000 ALTER TABLE `exam_answer` DISABLE KEYS */;
INSERT INTO `exam_answer` VALUES (146,30,60,'339',NULL),(147,30,5,'336',NULL),(148,30,6,'346',NULL),(149,30,8,'411',NULL),(150,30,12,'21,22',NULL),(151,30,23,'420',NULL),(152,30,25,'244',NULL),(153,30,26,'89',NULL),(154,30,28,'112',NULL),(155,30,34,'133',NULL),(156,30,40,'46,47',NULL),(157,30,42,'98',NULL),(158,30,46,'20,17',NULL),(159,30,48,'181',NULL),(160,30,56,'165',NULL),(161,30,61,'181',NULL),(162,30,62,'243',NULL),(163,30,63,'101',NULL),(164,30,65,'157',NULL),(165,30,67,'220',NULL),(166,30,79,'31',NULL),(167,30,84,'256',NULL),(168,30,87,'188',NULL),(169,30,89,'242',NULL),(170,30,92,'263',NULL),(171,30,94,'248',NULL),(172,30,95,'329,331,330,332',NULL),(173,30,96,'309',NULL),(174,30,98,'374',NULL),(175,30,105,'378',NULL),(176,31,30,'350',NULL),(177,31,5,'363',NULL),(178,31,8,'383',NULL),(179,31,9,'371',NULL),(180,31,14,'410',NULL),(181,31,21,'344',NULL),(182,31,22,'17,20',NULL),(183,31,28,'56,55',NULL),(184,31,32,'87',NULL),(185,31,40,'126',NULL),(186,31,49,'33,36',NULL),(187,31,52,'194',NULL),(188,31,53,'110',NULL),(189,31,55,'157',NULL),(190,31,56,'211',NULL),(191,31,57,'221',NULL),(192,31,58,'206',NULL),(193,31,59,'219,216',NULL),(194,31,62,'87',NULL),(195,31,66,'233',NULL),(196,31,67,'230',NULL),(197,31,70,'243',NULL),(198,31,71,'271',NULL),(199,31,80,'31',NULL),(200,31,81,'317',NULL),(201,31,88,'314',NULL),(202,31,96,'226',NULL),(203,31,101,'263',NULL),(204,31,108,'378',NULL),(205,31,109,'396',NULL),(206,32,97,'260',NULL),(207,32,2,'406,403',NULL),(208,32,8,'424',NULL),(209,32,17,'31',NULL),(210,32,26,'276,274',NULL),(211,32,30,'31',NULL),(212,32,31,'68,65,66',NULL),(213,32,33,'7,5,8,6',NULL),(214,32,34,'420',NULL),(215,32,36,'133',NULL),(216,32,37,'133',NULL),(217,32,40,'145',NULL),(218,32,41,'128',NULL),(219,32,47,'133',NULL),(220,32,51,'133',NULL),(221,32,56,'161',NULL),(222,32,59,'141',NULL),(223,32,66,'184',NULL),(224,32,69,'232',NULL),(225,32,72,'202',NULL),(226,32,75,'259',NULL),(227,32,79,'294',NULL),(228,32,84,'309',NULL),(229,32,88,'281,279,280',NULL),(230,32,94,'368',NULL),(231,32,95,'331',NULL),(232,32,98,'101',NULL),(233,32,99,'374',NULL),(234,32,105,'268',NULL),(235,32,107,'383',NULL),(236,33,15,'133',NULL),(237,33,4,'383,384,386',NULL),(238,33,8,'418',NULL),(239,33,9,'368',NULL),(240,33,12,'32',NULL),(241,33,14,'417',NULL),(242,33,16,'47,46',NULL),(243,33,17,'47,46',NULL),(244,33,19,'47,45',NULL),(245,33,26,'389',NULL),(246,33,36,'54',NULL),(247,33,41,'162',NULL),(248,33,47,'104',NULL),(249,33,48,'66,65',NULL),(250,33,53,'141',NULL),(251,33,60,'188',NULL),(252,33,65,'186',NULL),(253,33,70,'211',NULL),(254,33,72,'272,271',NULL),(255,33,75,'257',NULL),(256,33,77,'13,16,14,15',NULL),(257,33,80,'295',NULL),(258,33,84,'68',NULL),(259,33,87,'237',NULL),(260,33,91,'301',NULL),(261,33,93,'47,48,45',NULL),(262,33,97,'282,280',NULL),(263,33,103,'76',NULL),(264,33,105,'332,330,331',NULL),(265,33,107,'406',NULL),(266,34,2,'314',NULL),(267,34,12,'411',NULL),(268,34,14,'46',NULL),(269,34,17,'417',NULL),(270,34,22,'87',NULL),(271,34,23,'359',NULL),(272,34,28,'56',NULL),(273,34,31,'90',NULL),(274,34,32,'344',NULL),(275,34,34,'126',NULL),(276,34,35,'46,47,45',NULL),(277,34,38,'380',NULL),(278,34,49,'121',NULL),(279,34,50,'139',NULL),(280,34,52,'206',NULL),(281,34,55,'194',NULL),(282,34,56,'218,219',NULL),(283,34,57,'196',NULL),(284,34,60,'135',NULL),(285,34,66,'226',NULL),(286,34,70,'112',NULL),(287,34,74,'272',NULL),(288,34,78,'272',NULL),(289,34,79,'307',NULL),(290,34,91,'235',NULL),(291,34,96,'309',NULL),(292,34,98,'261',NULL),(293,34,99,'383',NULL),(294,34,102,'359',NULL),(295,34,109,'291',NULL),(296,35,103,'423',NULL),(297,35,1,'399',NULL),(298,35,5,'222',NULL),(299,35,8,'385',NULL),(300,35,13,'150',NULL),(301,35,14,'4',NULL),(302,35,15,'31',NULL),(303,35,17,'60',NULL),(304,35,22,'87',NULL),(305,35,23,'53,55',NULL),(306,35,26,'90',NULL),(307,35,32,'388',NULL),(308,35,35,'101',NULL),(309,35,37,'29,30',NULL),(310,35,40,'51',NULL),(311,35,42,'65',NULL),(312,35,43,'170',NULL),(313,35,45,'178',NULL),(314,35,48,'188',NULL),(315,35,50,'199',NULL),(316,35,56,'223',NULL),(317,35,60,'223',NULL),(318,35,63,'139',NULL),(319,35,68,'367',NULL),(320,35,72,'281',NULL),(321,35,74,'267',NULL),(322,35,90,'235',NULL),(323,35,96,'158',NULL),(324,35,105,'353',NULL),(325,35,109,'279,283,281',NULL),(326,36,66,'145,146',NULL),(327,36,1,'410',NULL),(328,36,3,'11',NULL),(329,36,4,'14',NULL),(330,36,13,'68',NULL),(331,36,19,'50,49',NULL),(332,37,93,'88',NULL),(333,37,4,'13',NULL),(334,37,5,'19',NULL),(335,37,8,'30',NULL),(336,37,10,'39',NULL),(337,37,22,'86',NULL),(338,38,78,'383',NULL),(339,38,2,'331',NULL),(340,38,3,'294',NULL),(341,38,6,'202',NULL),(342,38,8,'133',NULL),(343,38,20,'396',NULL),(344,38,23,'226',NULL),(345,38,27,'211',NULL),(346,38,29,'194',NULL),(347,38,41,'126',NULL),(348,38,42,'56,55',NULL),(349,38,43,'371',NULL),(350,38,44,'263',NULL),(351,38,45,'157',NULL),(352,37,23,'90',NULL),(353,38,48,'133',NULL),(354,38,50,'112',NULL),(355,38,59,'89',NULL),(356,38,62,'21,22',NULL),(357,38,63,'336',NULL),(358,38,64,'317',NULL),(359,38,66,'139',NULL),(360,37,25,'99',NULL),(361,37,26,'104',NULL),(362,37,27,'105,108',NULL),(363,37,28,'112',NULL),(364,37,29,'116',NULL),(365,37,31,'122',NULL),(366,36,22,'3',NULL),(367,40,104,'410',NULL),(368,37,37,'144',NULL),(369,37,53,'209',NULL),(370,37,54,'212',NULL),(371,37,55,'217,219',NULL),(372,37,56,'220',NULL),(373,37,57,'226',NULL),(374,37,63,'249',NULL),(375,37,65,'255',NULL),(376,37,77,'301',NULL),(377,37,78,'306',NULL),(378,37,85,'333',NULL),(379,37,88,'346',NULL),(380,37,89,'349',NULL),(381,37,91,'359',NULL),(382,37,92,'363',NULL),(383,37,94,'368',NULL),(384,37,99,'387',NULL),(385,41,8,'423',NULL),(386,36,27,'107',NULL),(387,36,29,'113',NULL),(388,41,4,'16,13',NULL),(389,36,35,'137',NULL),(390,41,11,'42,41,43',NULL),(391,41,14,'53,54',NULL),(392,41,15,'60',NULL),(393,36,41,'161',NULL),(394,36,48,'188',NULL),(395,41,17,'68',NULL),(396,36,55,'216,218,219',NULL),(397,36,56,'221',NULL),(398,39,13,'50',NULL),(399,39,17,'66',NULL),(400,39,28,'111',NULL),(401,39,30,'119','2017-11-23 00:38:58'),(402,39,31,'120','2017-11-23 00:45:35'),(403,39,34,'132','2017-11-23 00:46:55'),(404,39,35,'137','2017-11-23 00:47:16'),(405,39,43,'171','2017-11-23 00:48:26'),(406,39,44,'173','2017-11-23 00:48:39'),(407,39,45,'179','2017-11-23 00:49:59'),(408,39,48,'188','2017-11-23 00:51:20'),(409,39,53,'211','2017-11-23 00:56:09'),(410,39,55,'219,216,217,218','2017-11-23 00:56:20'),(411,39,57,'226','2017-11-23 00:56:35'),(412,39,63,'249,248','2017-11-23 00:56:52'),(413,39,64,'251','2017-11-23 00:57:02'),(414,39,67,'263','2017-11-23 00:57:11'),(415,39,72,'280','2017-11-23 00:59:57'),(416,39,74,'289','2017-11-23 01:00:09'),(417,39,81,'319','2017-11-23 01:00:53'),(418,39,82,'324','2017-11-23 01:14:51'),(419,39,84,'329','2017-11-23 01:14:53'),(420,39,85,'335,336,334','2017-11-23 01:14:55'),(421,39,87,'342','2017-11-23 01:21:39'),(422,39,90,'355','2017-11-23 01:21:44'),(423,39,95,'372','2017-11-23 01:32:20'),(424,39,99,'388','2017-11-23 01:39:05'),(425,39,101,'397','2017-11-23 01:39:09'),(426,39,106,'414','2017-11-23 01:39:11'),(427,39,108,'422','2017-11-23 01:40:54'),(428,44,2,'305','2017-11-23 01:41:04'),(429,44,4,'13','2017-11-23 01:41:07'),(430,44,15,'60','2017-11-23 01:41:36'),(431,44,16,'62','2017-11-23 01:44:39'),(432,44,32,'127','2017-11-23 01:44:40'),(433,44,33,'128','2017-11-23 01:44:41'),(434,44,38,'151','2017-11-23 01:44:42'),(435,44,39,'153','2017-11-23 01:44:43'),(436,44,40,'156','2017-11-23 01:44:44'),(437,44,44,'172','2017-11-23 01:44:45'),(438,44,49,'192','2017-11-23 01:44:45'),(439,44,51,'200','2017-11-23 01:44:46'),(440,44,53,'209','2017-11-23 01:44:47'),(441,44,54,'212','2017-11-23 01:44:48'),(442,44,59,'232','2017-11-23 01:44:49'),(443,44,62,'246','2017-11-23 01:44:50'),(444,44,68,'265','2017-11-23 01:44:51'),(445,44,70,'273','2017-11-23 01:44:51'),(446,44,72,'282','2017-11-23 01:44:52'),(447,44,73,'287','2017-11-23 01:44:53'),(448,44,76,'299','2017-11-23 01:44:54'),(449,44,77,'303','2017-11-23 01:44:54'),(450,44,78,'305','2017-11-23 01:44:55'),(451,44,82,'321','2017-11-23 01:44:56'),(452,44,88,'347','2017-11-23 01:44:57'),(453,44,91,'359','2017-11-23 01:50:08'),(454,44,92,'363','2017-11-23 01:50:40'),(455,44,101,'397','2017-11-23 01:50:47'),(456,44,104,'408','2017-11-23 01:51:04'),(457,44,108,'422','2017-11-23 01:51:18'),(458,45,6,'354','2017-11-23 01:51:32'),(459,45,9,'36','2017-11-23 01:52:54'),(460,45,11,'41,44,43,42','2017-11-23 01:53:41'),(461,45,15,'57','2017-11-23 01:59:19'),(462,45,16,'57','2017-11-23 01:59:35'),(463,45,20,'78,77','2017-11-23 02:01:17'),(464,45,27,'108','2017-11-23 02:01:37'),(465,45,30,'119,117','2017-11-23 02:01:49'),(466,45,31,'120','2017-11-23 02:02:00'),(467,45,34,'133','2017-11-23 02:02:21'),(468,45,39,'155','2017-11-23 02:03:01'),(469,45,40,'158','2017-11-23 02:03:20'),(470,45,42,'165','2017-11-23 02:03:29'),(471,45,45,'179','2017-11-23 02:03:40'),(472,45,49,'194','2017-11-23 02:03:49'),(473,45,50,'197','2017-11-23 02:04:38'),(474,45,51,'201','2017-11-23 02:04:39'),(475,45,52,'206','2017-11-23 02:04:40'),(476,45,61,'239','2017-11-23 02:04:41'),(477,45,62,'246','2017-11-23 02:04:42'),(478,45,68,'267','2017-11-23 02:04:43'),(479,45,69,'269','2017-11-23 02:04:44'),(480,45,77,'304','2017-11-23 02:04:45'),(481,45,79,'311','2017-11-23 02:04:46'),(482,45,82,'323','2017-11-23 02:04:47'),(483,45,84,'332','2017-11-23 02:04:48'),(484,45,90,'355','2017-11-23 02:04:49'),(485,45,91,'359','2017-11-23 02:04:50'),(486,45,102,'400','2017-11-23 02:04:55'),(487,45,103,'406','2017-11-23 02:05:10'),(488,46,15,'240','2017-11-23 02:26:10'),(489,46,16,'61','2017-11-23 02:26:12'),(490,46,18,'70','2017-11-23 02:26:15'),(491,46,22,'86','2017-11-23 02:26:15'),(492,46,23,'92','2017-11-23 02:26:16'),(493,46,31,'123','2017-11-23 02:26:17'),(494,46,34,'132','2017-11-23 02:26:18'),(495,46,35,'139','2017-11-23 02:26:19'),(496,46,40,'159','2017-11-23 02:26:20'),(497,46,42,'164','2017-11-23 02:26:20'),(498,46,43,'171','2017-11-23 02:26:21'),(499,46,44,'172','2017-11-23 02:26:22'),(500,46,50,'196','2017-11-23 02:26:23'),(501,46,52,'205','2017-11-23 02:26:23'),(502,46,56,'222','2017-11-23 02:26:24'),(503,46,59,'231','2017-11-23 02:26:25'),(504,46,61,'242','2017-11-23 02:26:26'),(505,46,62,'246','2017-11-23 02:26:26'),(506,46,73,'285','2017-11-23 02:26:27'),(507,46,74,'290','2017-11-23 02:26:28'),(508,46,81,'320','2017-11-23 02:26:29'),(509,46,84,'331','2017-11-23 02:26:29'),(510,46,85,'336','2017-11-23 02:26:30'),(511,46,87,'341','2017-11-23 02:26:31'),(512,46,88,'345','2017-11-23 02:26:32'),(513,46,92,'364','2017-11-23 02:26:32'),(514,46,93,'366','2017-11-23 02:26:35'),(515,46,94,'371','2017-11-23 02:26:36'),(516,46,96,'376','2017-11-23 02:26:37'),(517,46,103,'403','2017-11-23 02:26:38'),(518,47,1,'226','2017-11-23 02:29:22'),(519,47,3,'12','2017-11-23 02:29:23'),(520,47,4,'14','2017-11-23 02:29:35'),(521,47,11,'43','2017-11-23 02:29:37'),(522,47,18,'70','2017-11-23 02:29:38'),(523,47,19,'75','2017-11-23 02:29:42'),(524,47,23,'90','2017-11-23 02:29:49'),(525,47,28,'110','2017-11-23 02:30:06'),(526,47,31,'120','2017-11-23 02:30:14'),(527,47,32,'126','2017-11-23 02:31:27'),(528,47,47,'184','2017-11-23 02:31:41'),(529,47,50,'196','2017-11-23 02:31:52'),(530,47,53,'211','2017-11-23 02:31:57'),(531,47,54,'212','2017-11-23 02:32:04'),(532,47,56,'221','2017-11-23 02:32:22'),(533,47,57,'224','2017-11-23 02:32:35'),(534,47,60,'235','2017-11-23 02:32:46'),(535,47,74,'290','2017-11-23 02:32:52'),(536,47,80,'314','2017-11-23 02:32:58'),(537,47,83,'325','2017-11-23 02:33:17'),(538,47,85,'336','2017-11-23 02:33:32'),(539,47,88,'347','2017-11-23 02:34:01'),(540,47,89,'351','2017-11-23 02:34:13'),(541,47,92,'362','2017-11-23 02:34:22'),(542,47,95,'374','2017-11-23 02:34:27'),(543,47,96,'378','2017-11-23 02:34:39'),(544,47,98,'385','2017-11-23 02:34:57'),(545,47,100,'392','2017-11-23 02:35:13'),(546,47,101,'398','2017-11-23 02:35:25'),(547,47,104,'408','2017-11-23 02:35:30'),(548,50,1,'141','2017-11-23 10:39:00'),(549,50,3,'11','2017-11-23 10:40:08'),(550,50,13,'50,51','2017-11-23 10:40:36'),(551,50,18,'69,70','2017-11-23 10:40:50'),(552,50,20,'77','2017-11-23 10:41:08'),(553,50,22,'87','2017-11-23 10:41:20'),(554,50,23,'90','2017-11-23 10:41:33'),(555,50,27,'107','2017-11-23 10:41:49'),(556,50,31,'120','2017-11-23 10:41:59'),(557,40,1,'3','2017-11-23 10:42:04'),(558,50,32,'126','2017-11-23 10:42:08'),(559,50,34,'133','2017-11-23 10:42:22'),(560,50,36,'141','2017-11-23 10:42:39'),(561,50,38,'150','2017-11-23 10:42:48'),(562,40,6,'21','2017-11-23 10:42:49'),(563,50,43,'168','2017-11-23 10:43:08'),(564,50,44,'173','2017-11-23 10:43:14'),(565,50,68,'267','2017-11-23 10:43:21'),(566,50,72,'280,281,279','2017-11-23 10:43:37'),(567,50,77,'301','2017-11-23 10:43:52'),(568,50,80,'314','2017-11-23 10:44:26'),(569,50,82,'322','2017-11-23 10:44:42'),(570,50,84,'330,331,329,332','2017-11-23 10:45:01'),(571,50,87,'344','2017-11-23 10:45:20'),(572,50,89,'350','2017-11-23 10:45:35'),(573,40,11,'42,43,41','2017-11-23 10:46:07'),(574,50,92,'363','2017-11-23 10:46:34'),(575,40,14,'54','2017-11-23 10:46:45'),(576,50,93,'365','2017-11-23 10:46:47'),(577,50,95,'374','2017-11-23 10:46:53'),(578,50,98,'386,384','2017-11-23 10:47:14'),(579,50,99,'388','2017-11-23 10:48:01'),(580,40,17,'66,68,65','2017-11-23 10:48:03'),(581,50,100,'393','2017-11-23 10:48:52'),(582,40,18,'71,70,69','2017-11-23 10:49:14'),(583,50,101,'396','2017-11-23 10:49:17'),(584,40,19,'73','2017-11-23 10:51:54'),(585,40,21,'82','2017-11-23 10:52:43'),(586,40,24,'95','2017-11-23 10:53:09'),(587,40,30,'119','2017-11-23 10:53:33'),(588,40,32,'126','2017-11-23 10:53:46'),(589,40,34,'133','2017-11-23 10:54:01'),(590,40,39,'155','2017-11-23 10:54:21'),(591,43,3,'9,10,12,11','2017-11-23 10:54:36'),(592,40,43,'168','2017-11-23 10:54:36'),(593,51,4,'414','2017-11-23 10:54:53'),(594,52,6,'424','2017-11-23 10:55:02'),(595,40,47,'184','2017-11-23 10:55:13'),(596,51,8,'29','2017-11-23 10:55:15'),(597,52,8,'31','2017-11-23 10:55:42'),(598,40,50,'196','2017-11-23 10:55:48'),(599,51,13,'49,52,51','2017-11-23 10:55:55'),(600,52,14,'54,55','2017-11-23 10:56:47'),(601,40,51,'201','2017-11-23 10:56:48'),(602,54,2,'216,217,218,219','2017-11-23 10:56:55'),(603,52,22,'87','2017-11-23 10:57:05'),(604,54,11,'41,43','2017-11-23 10:57:15'),(605,40,54,'213','2017-11-23 10:57:23'),(606,55,6,'425','2017-11-23 10:57:26'),(607,54,14,'53,55','2017-11-23 10:57:35'),(608,54,15,'57','2017-11-23 10:58:01'),(609,40,58,'230,228','2017-11-23 10:58:23'),(610,51,17,'65','2017-11-23 10:58:24'),(611,54,16,'63,61,62','2017-11-23 10:58:29'),(612,52,27,'107','2017-11-23 10:58:36'),(613,54,19,'75','2017-11-23 10:58:45'),(614,43,7,'26,25,27','2017-11-23 10:58:47'),(615,53,2,'90','2017-11-23 10:59:02'),(616,52,34,'133','2017-11-23 10:59:12'),(617,54,24,'95','2017-11-23 10:59:25'),(618,42,3,'11,12,9,10','2017-11-23 10:59:41'),(619,55,7,'28,26,27','2017-11-23 10:59:45'),(620,53,4,'13,14,15','2017-11-23 10:59:45'),(621,54,27,'107','2017-11-23 10:59:57'),(622,51,18,'70,69','2017-11-23 11:00:08'),(623,53,10,'37,39','2017-11-23 11:00:12'),(624,55,8,'31','2017-11-23 11:00:17'),(625,42,11,'43,41','2017-11-23 11:00:20'),(626,40,59,'234','2017-11-23 11:00:23'),(627,54,46,'181','2017-11-23 11:00:27'),(628,42,16,'62,63,61','2017-11-23 11:00:37'),(629,43,8,'29','2017-11-23 11:01:07'),(630,42,17,'65','2017-11-23 11:01:15'),(631,51,28,'112','2017-11-23 11:01:16'),(632,53,12,'47','2017-11-23 11:01:23'),(633,52,39,'154','2017-11-23 11:01:25'),(634,53,14,'53,54','2017-11-23 11:01:47'),(635,52,40,'158','2017-11-23 11:01:53'),(636,54,50,'198','2017-11-23 11:02:18'),(637,52,41,'160','2017-11-23 11:02:30'),(638,43,10,'40,39','2017-11-23 11:02:43'),(639,53,15,'57','2017-11-23 11:02:54'),(640,54,51,'202','2017-11-23 11:02:58'),(641,51,35,'139','2017-11-23 11:03:04'),(642,53,19,'74','2017-11-23 11:03:21'),(643,54,55,'217,218,219,216','2017-11-23 11:03:22'),(644,40,60,'237','2017-11-23 11:03:33'),(645,40,63,'247','2017-11-23 11:03:56'),(646,51,38,'150','2017-11-23 11:04:05'),(647,43,13,'49,52,51','2017-11-23 11:04:06'),(648,53,20,'78,77','2017-11-23 11:04:21'),(649,52,45,'179,177','2017-11-23 11:04:24'),(650,52,48,'188','2017-11-23 11:04:35'),(651,53,21,'82','2017-11-23 11:04:36'),(652,53,22,'87,86','2017-11-23 11:04:47'),(653,53,23,'90','2017-11-23 11:04:53'),(654,51,42,'165','2017-11-23 11:04:57'),(655,53,26,'104','2017-11-23 11:05:07'),(656,51,46,'181','2017-11-23 11:05:07'),(657,54,56,'221','2017-11-23 11:05:20'),(658,40,72,'279,281,280','2017-11-23 11:05:28'),(659,40,80,'314','2017-11-23 11:05:48'),(660,52,51,'201','2017-11-23 11:06:13'),(661,53,27,'107','2017-11-23 11:06:16'),(662,42,20,'78,77','2017-11-23 11:06:17'),(663,53,28,'110','2017-11-23 11:06:21'),(664,55,13,'52,49','2017-11-23 11:06:25'),(665,40,84,'331,329','2017-11-23 11:06:33'),(666,40,89,'350','2017-11-23 11:06:51'),(667,54,58,'229','2017-11-23 11:07:00'),(668,52,52,'206','2017-11-23 11:07:15'),(669,51,56,'221','2017-11-23 11:07:30'),(670,54,59,'232','2017-11-23 11:07:32'),(671,52,54,'213','2017-11-23 11:07:37'),(672,40,100,'393,391','2017-11-23 11:07:41'),(673,53,39,'155','2017-11-23 11:08:03'),(674,53,48,'188','2017-11-23 11:08:09'),(675,53,49,'195,194','2017-11-23 11:08:17'),(676,42,22,'86,87','2017-11-23 11:08:23'),(677,54,60,'237','2017-11-23 11:08:27'),(678,51,66,'260','2017-11-23 11:08:32'),(679,43,16,'64,63,62,61','2017-11-23 11:08:47'),(680,53,51,'202','2017-11-23 11:08:52'),(681,52,57,'224','2017-11-23 11:09:22'),(682,51,68,'266','2017-11-23 11:09:26'),(683,53,52,'206','2017-11-23 11:09:36'),(684,53,60,'238','2017-11-23 11:09:44'),(685,52,62,'243','2017-11-23 11:09:47'),(686,52,66,'260','2017-11-23 11:10:16'),(687,53,67,'263','2017-11-23 11:10:36'),(688,42,24,'94,95','2017-11-23 11:10:38'),(689,55,17,'65','2017-11-23 11:10:44'),(690,54,63,'247','2017-11-23 11:10:44'),(691,53,74,'290,291','2017-11-23 11:11:02'),(692,52,71,'275,276','2017-11-23 11:11:05'),(693,51,72,'281,279','2017-11-23 11:11:11'),(694,53,76,'297','2017-11-23 11:11:24'),(695,55,27,'107','2017-11-23 11:11:26'),(696,51,76,'300','2017-11-23 11:11:27'),(697,53,77,'301','2017-11-23 11:11:32'),(698,52,74,'290','2017-11-23 11:11:39'),(699,55,31,'120','2017-11-23 11:11:55'),(700,55,36,'141','2017-11-23 11:12:01'),(701,52,76,'300','2017-11-23 11:12:02'),(702,42,26,'104','2017-11-23 11:12:14'),(703,40,103,'404,403','2017-11-23 11:12:15'),(704,43,23,'90','2017-11-23 11:12:20'),(705,51,80,'314','2017-11-23 11:12:22'),(706,53,86,'338','2017-11-23 11:12:34'),(707,53,87,'344','2017-11-23 11:12:43'),(708,53,91,'359','2017-11-23 11:12:52'),(709,40,105,'411','2017-11-23 11:12:52'),(710,55,37,'145','2017-11-23 11:12:53'),(711,53,93,'366','2017-11-23 11:13:07'),(712,53,96,'378','2017-11-23 11:13:21'),(713,54,71,'274,277','2017-11-23 11:13:30'),(714,52,87,'344','2017-11-23 11:13:31'),(715,53,102,'399','2017-11-23 11:13:34'),(716,43,24,'95','2017-11-23 11:13:42'),(717,51,81,'317','2017-11-23 11:13:49'),(718,55,44,'175','2017-11-23 11:14:08'),(719,42,29,'114','2017-11-23 11:14:08'),(720,52,89,'349','2017-11-23 11:14:24'),(721,55,45,'177','2017-11-23 11:14:32'),(722,55,48,'188','2017-11-23 11:14:40'),(723,52,90,'353','2017-11-23 11:14:57'),(724,54,76,'300','2017-11-23 11:14:59'),(725,55,51,'201','2017-11-23 11:15:04'),(726,55,56,'223','2017-11-23 11:15:11'),(727,51,84,'332,330','2017-11-23 11:15:19'),(728,52,91,'359','2017-11-23 11:15:27'),(729,55,60,'235','2017-11-23 11:15:41'),(730,55,63,'247','2017-11-23 11:16:01'),(731,42,34,'134,132','2017-11-23 11:16:03'),(732,43,25,'97','2017-11-23 11:16:05'),(733,52,94,'368','2017-11-23 11:16:07'),(734,42,37,'145','2017-11-23 11:16:27'),(735,52,98,'383','2017-11-23 11:16:32'),(736,55,64,'253','2017-11-23 11:16:42'),(737,55,67,'263','2017-11-23 11:16:49'),(738,56,7,'27,26,28','2017-11-23 11:16:52'),(739,51,85,'335','2017-11-23 11:17:02'),(740,55,71,'275,276','2017-11-23 11:17:10'),(741,52,100,'392,394','2017-11-23 11:17:16'),(742,43,26,'104','2017-11-23 11:17:17'),(743,55,72,'281,279,280','2017-11-23 11:17:29'),(744,54,77,'301','2017-11-23 11:17:31'),(745,52,102,'400','2017-11-23 11:17:44'),(746,43,27,'107','2017-11-23 11:18:11'),(747,57,1,'371','2017-11-23 11:18:16'),(748,56,9,'34,33,35','2017-11-23 11:18:28'),(749,57,3,'10','2017-11-23 11:18:33'),(750,51,89,'351','2017-11-23 11:18:36'),(751,52,104,'408','2017-11-23 11:18:37'),(752,42,38,'150','2017-11-23 11:18:46'),(753,54,83,'325','2017-11-23 11:18:53'),(754,57,11,'43,41','2017-11-23 11:19:00'),(755,55,75,'294','2017-11-23 11:19:01'),(756,51,92,'363','2017-11-23 11:19:14'),(757,57,18,'69,70','2017-11-23 11:19:18'),(758,52,109,'424','2017-11-23 11:19:25'),(759,55,77,'301','2017-11-23 11:19:27'),(760,57,19,'75','2017-11-23 11:19:50'),(761,56,12,'48,45','2017-11-23 11:19:51'),(762,54,85,'335','2017-11-23 11:19:55'),(763,55,83,'328,325','2017-11-23 11:20:01'),(764,57,31,'120','2017-11-23 11:20:01'),(765,51,96,'375','2017-11-23 11:20:06'),(766,43,28,'110','2017-11-23 11:20:07'),(767,54,87,'344','2017-11-23 11:20:19'),(768,57,33,'128','2017-11-23 11:20:21'),(769,57,37,'145','2017-11-23 11:20:27'),(770,54,93,'365','2017-11-23 11:20:35'),(771,56,15,'57','2017-11-23 11:20:36'),(772,55,85,'336,333','2017-11-23 11:20:43'),(773,57,38,'150','2017-11-23 11:20:54'),(774,57,47,'184','2017-11-23 11:20:59'),(775,55,89,'352','2017-11-23 11:21:00'),(776,54,94,'371','2017-11-23 11:21:01'),(777,56,18,'71,69,72','2017-11-23 11:21:14'),(778,54,97,'380','2017-11-23 11:21:20'),(779,57,51,'202','2017-11-23 11:21:45'),(780,57,54,'213','2017-11-23 11:21:53'),(781,55,92,'364','2017-11-23 11:22:17'),(782,43,40,'159','2017-11-23 11:22:23'),(783,56,20,'77,78','2017-11-23 11:22:24'),(784,57,55,'219','2017-11-23 11:22:24'),(785,43,48,'188','2017-11-23 11:22:32'),(786,54,99,'389','2017-11-23 11:22:37'),(787,43,49,'194','2017-11-23 11:22:47'),(788,57,58,'227,230','2017-11-23 11:22:49'),(789,56,23,'90','2017-11-23 11:22:54'),(790,54,100,'392','2017-11-23 11:22:56'),(791,57,68,'267','2017-11-23 11:22:57'),(792,51,98,'385','2017-11-23 11:22:57'),(793,55,93,'367','2017-11-23 11:23:04'),(794,56,25,'98','2017-11-23 11:23:12'),(795,51,99,'388','2017-11-23 11:23:16'),(796,54,103,'404,403','2017-11-23 11:23:26'),(797,55,94,'371','2017-11-23 11:23:29'),(798,42,40,'157','2017-11-23 11:23:36'),(799,51,100,'392','2017-11-23 11:23:39'),(800,57,72,'280,279,281','2017-11-23 11:23:58'),(801,56,33,'128,131','2017-11-23 11:24:01'),(802,57,74,'290','2017-11-23 11:24:09'),(803,55,95,'374','2017-11-23 11:24:16'),(804,54,109,'424','2017-11-23 11:24:17'),(805,56,34,'133','2017-11-23 11:24:20'),(806,55,109,'425','2017-11-23 11:24:29'),(807,42,50,'196','2017-11-23 11:24:43'),(808,56,35,'139','2017-11-23 11:24:47'),(809,57,75,'295','2017-11-23 11:24:59'),(810,43,60,'237','2017-11-23 11:25:09'),(811,56,38,'150','2017-11-23 11:25:21'),(812,51,101,'396','2017-11-23 11:25:23'),(813,51,104,'408','2017-11-23 11:26:11'),(814,51,106,'414','2017-11-23 11:26:22'),(815,56,40,'158','2017-11-23 11:26:35'),(816,56,48,'188','2017-11-23 11:26:45'),(817,57,76,'299','2017-11-23 11:26:48'),(818,51,107,'417','2017-11-23 11:26:52'),(819,57,81,'317','2017-11-23 11:26:59'),(820,56,51,'201','2017-11-23 11:27:05'),(821,42,57,'224','2017-11-23 11:27:19'),(822,42,60,'224','2017-11-23 11:27:20'),(823,57,84,'331','2017-11-23 11:27:39'),(824,51,108,'420','2017-11-23 11:27:41'),(825,43,63,'247','2017-11-23 11:27:46'),(826,56,52,'207','2017-11-23 11:27:56'),(827,57,86,'339','2017-11-23 11:28:00'),(828,57,93,'366','2017-11-23 11:28:10'),(829,57,94,'371','2017-11-23 11:28:14'),(830,57,95,'374','2017-11-23 11:28:17'),(831,56,53,'211','2017-11-23 11:28:25'),(832,56,54,'213','2017-11-23 11:28:33'),(833,43,64,'251','2017-11-23 11:28:44'),(834,56,55,'216,219,217','2017-11-23 11:28:59'),(835,42,61,'240','2017-11-23 11:28:59'),(836,57,98,'385','2017-11-23 11:29:09'),(837,56,59,'234','2017-11-23 11:29:10'),(838,43,66,'260','2017-11-23 11:29:18'),(839,57,99,'388','2017-11-23 11:29:31'),(840,57,102,'399','2017-11-23 11:29:37'),(841,42,62,'243','2017-11-23 11:29:37'),(842,56,64,'251','2017-11-23 11:29:58'),(843,43,68,'267','2017-11-23 11:29:59'),(844,57,105,'410','2017-11-23 11:30:18'),(845,57,109,'423','2017-11-23 11:30:31'),(846,42,74,'291','2017-11-23 11:30:44'),(847,43,69,'268','2017-11-23 11:30:48'),(848,42,75,'294','2017-11-23 11:30:55'),(849,56,69,'268','2017-11-23 11:31:11'),(850,43,75,'294','2017-11-23 11:31:21'),(851,42,79,'309','2017-11-23 11:31:27'),(852,56,75,'293','2017-11-23 11:31:46'),(853,56,78,'307','2017-11-23 11:31:58'),(854,56,86,'339','2017-11-23 11:32:26'),(855,43,76,'300','2017-11-23 11:32:47'),(856,42,84,'331','2017-11-23 11:32:50'),(857,56,88,'348','2017-11-23 11:33:32'),(858,56,91,'359','2017-11-23 11:33:52'),(859,58,7,'425','2017-11-23 11:33:57'),(860,43,77,'301','2017-11-23 11:34:10'),(861,56,95,'374','2017-11-23 11:34:34'),(862,43,78,'308,306','2017-11-23 11:34:36'),(863,42,88,'345','2017-11-23 11:34:49'),(864,43,92,'364','2017-11-23 11:34:52'),(865,56,98,'386,384','2017-11-23 11:35:11'),(866,43,93,'365','2017-11-23 11:35:19'),(867,56,101,'396','2017-11-23 11:35:37'),(868,43,97,'382','2017-11-23 11:35:53'),(869,42,89,'349','2017-11-23 11:35:58'),(870,43,101,'396','2017-11-23 11:36:33'),(871,43,108,'420','2017-11-23 11:36:45'),(872,42,94,'368','2017-11-23 11:37:27'),(873,42,100,'391','2017-11-23 11:38:43'),(874,42,103,'404','2017-11-23 11:40:03'),(875,42,104,'408','2017-11-23 11:40:26'),(876,42,105,'410','2017-11-23 11:41:06'),(877,42,109,'424','2017-11-23 11:41:23'),(878,61,4,'345,348','2017-11-24 12:36:55'),(879,61,6,'21','2017-11-24 12:37:08'),(880,61,13,'49,51','2017-11-24 12:39:15'),(881,61,15,'59','2017-11-24 12:39:29'),(882,61,18,'70,69','2017-11-24 12:41:36'),(883,61,19,'74','2017-11-24 12:42:29'),(884,61,24,'95','2017-11-24 12:43:12'),(885,61,26,'102','2017-11-24 12:43:32'),(886,61,30,'118','2017-11-24 12:43:51'),(887,61,35,'139','2017-11-24 12:44:57'),(888,61,36,'141','2017-11-24 12:45:03'),(889,61,42,'165','2017-11-24 12:45:13'),(890,61,45,'177','2017-11-24 12:45:30'),(891,61,47,'184','2017-11-24 12:46:31'),(892,61,52,'204','2017-11-24 12:46:59'),(893,61,54,'213','2017-11-24 12:47:07'),(894,61,58,'228','2017-11-24 12:47:21'),(895,61,62,'243','2017-11-24 12:47:28'),(896,61,64,'251','2017-11-24 12:47:36'),(897,61,67,'263','2017-11-24 12:47:50'),(898,61,69,'268','2017-11-24 12:47:59'),(899,61,71,'274,276','2017-11-24 12:48:19'),(900,61,75,'295','2017-11-24 12:48:49'),(901,61,81,'317','2017-11-24 12:48:59'),(902,61,82,'323','2017-11-24 12:49:39'),(903,61,88,'348','2017-11-24 12:50:30'),(904,61,89,'351','2017-11-24 12:50:53'),(905,61,92,'364','2017-11-24 12:51:19'),(906,61,102,'399','2017-11-24 12:51:41'),(907,61,107,'417','2017-11-24 12:52:33'),(908,62,2,'399','2017-11-24 12:52:45'),(909,62,7,'25,26,27','2017-11-24 12:54:21'),(910,63,2,'139','2017-11-24 12:54:49'),(911,63,3,'11','2017-11-24 12:56:09'),(912,63,9,'34,35','2017-11-24 12:56:32'),(913,62,9,'33,36,35','2017-11-24 12:56:53'),(914,63,12,'47,46','2017-11-24 12:57:21'),(915,63,15,'60','2017-11-24 12:57:33'),(916,62,11,'41,43,42','2017-11-24 12:58:00'),(917,63,20,'77,79','2017-11-24 12:58:03'),(918,63,26,'104','2017-11-24 12:58:07'),(919,63,33,'130','2017-11-24 12:58:28'),(920,63,34,'133','2017-11-24 12:58:40'),(921,63,35,'139','2017-11-24 12:58:49'),(922,63,42,'165','2017-11-24 12:58:56'),(923,63,43,'168','2017-11-24 12:59:11'),(924,63,48,'188','2017-11-24 12:59:35'),(925,62,19,'76','2017-11-24 12:59:43'),(926,63,50,'196','2017-11-24 12:59:50'),(927,63,56,'221','2017-11-24 13:00:10'),(928,63,58,'228','2017-11-24 13:00:20'),(929,63,63,'247','2017-11-24 13:00:34'),(930,63,65,'256,255','2017-11-24 13:00:46'),(931,62,20,'77','2017-11-24 13:00:47'),(932,63,71,'276,274','2017-11-24 13:01:10'),(933,63,74,'291','2017-11-24 13:01:39'),(934,63,75,'293','2017-11-24 13:01:48'),(935,63,80,'314','2017-11-24 13:02:01'),(936,63,83,'325','2017-11-24 13:02:23'),(937,62,26,'104','2017-11-24 13:02:37'),(938,63,86,'339','2017-11-24 13:02:46'),(939,63,91,'358','2017-11-24 13:03:03'),(940,63,96,'376,375','2017-11-24 13:03:21'),(941,63,97,'380','2017-11-24 13:03:34'),(942,62,27,'107,106','2017-11-24 13:03:41'),(943,63,100,'392','2017-11-24 13:04:04'),(944,63,102,'399','2017-11-24 13:04:13'),(945,63,107,'417','2017-11-24 13:04:24'),(946,62,28,'112','2017-11-24 13:04:33'),(947,62,36,'141','2017-11-24 13:04:42'),(948,62,37,'145','2017-11-24 13:05:20'),(949,62,40,'158','2017-11-24 13:06:49'),(950,62,45,'176','2017-11-24 13:08:01'),(951,62,51,'201','2017-11-24 13:09:01'),(952,62,53,'211','2017-11-24 13:09:35'),(953,62,56,'221','2017-11-24 13:10:15'),(954,62,59,'233','2017-11-24 13:11:20'),(955,62,61,'239','2017-11-24 13:12:57'),(956,62,63,'247','2017-11-24 13:13:29'),(957,62,72,'280,281,279','2017-11-24 13:15:02'),(958,62,73,'286','2017-11-24 13:16:00'),(959,62,74,'290','2017-11-24 13:16:30'),(960,62,78,'307','2017-11-24 13:17:37'),(961,62,79,'309','2017-11-24 13:19:01'),(962,62,80,'314','2017-11-24 13:19:31'),(963,62,84,'332,330','2017-11-24 13:20:22'),(964,62,87,'344,341','2017-11-24 13:21:27'),(965,62,100,'392','2017-11-24 13:21:56'),(966,62,102,'399','2017-11-24 13:22:20'),(967,62,105,'411','2017-11-24 13:23:22'),(968,64,2,'247,248','2017-11-27 09:14:00'),(969,64,18,'70,69','2017-11-27 09:17:02'),(970,64,24,'95','2017-11-27 09:17:27'),(971,65,4,'39,38','2017-11-27 09:18:18'),(972,64,28,'111','2017-11-27 09:18:33'),(973,65,5,'19,17,20','2017-11-27 09:18:55'),(974,64,30,'119','2017-11-27 09:19:32'),(975,65,10,'38,39','2017-11-27 09:19:36'),(976,65,12,'47,45,46','2017-11-27 09:20:11'),(977,65,14,'53,55','2017-11-27 09:20:28'),(978,64,33,'128','2017-11-27 09:20:46'),(979,65,18,'70,69','2017-11-27 09:21:41'),(980,64,37,'144','2017-11-27 09:22:13'),(981,64,43,'171','2017-11-27 09:24:02'),(982,65,21,'82','2017-11-27 09:27:01'),(983,64,51,'202','2017-11-27 09:27:49'),(984,65,23,'92','2017-11-27 09:29:02'),(985,65,24,'95','2017-11-27 09:29:18'),(986,64,53,'208','2017-11-27 09:29:55'),(987,65,25,'98','2017-11-27 09:30:14'),(988,64,55,'218,216,217','2017-11-27 09:31:26'),(989,64,58,'230,227','2017-11-27 09:31:51'),(990,64,63,'248,247','2017-11-27 09:32:05'),(991,64,66,'260','2017-11-27 09:33:01'),(992,65,29,'116','2017-11-27 09:33:23'),(993,64,67,'263','2017-11-27 09:33:27'),(994,65,31,'120','2017-11-27 09:33:59'),(995,64,69,'268','2017-11-27 09:34:06'),(996,64,70,'272','2017-11-27 09:34:26'),(997,65,44,'175','2017-11-27 09:35:00'),(998,65,49,'194','2017-11-27 09:35:06'),(999,65,50,'198','2017-11-27 09:35:14'),(1000,64,71,'276,274,277','2017-11-27 09:36:08'),(1001,65,52,'206','2017-11-27 09:36:21'),(1002,65,53,'211','2017-11-27 09:37:02'),(1003,64,72,'281,279','2017-11-27 09:37:06'),(1004,64,78,'307,306','2017-11-27 09:37:54'),(1005,64,80,'313','2017-11-27 09:38:22'),(1006,65,58,'230','2017-11-27 09:38:42'),(1007,64,81,'317','2017-11-27 09:39:07'),(1008,65,63,'248','2017-11-27 09:39:38'),(1009,65,67,'264,263','2017-11-27 09:41:04'),(1010,64,88,'346','2017-11-27 09:41:44'),(1011,65,68,'267','2017-11-27 09:43:05'),(1012,65,69,'268','2017-11-27 09:44:13'),(1013,64,92,'361,364','2017-11-27 09:44:14'),(1014,64,93,'365','2017-11-27 09:45:48'),(1015,65,71,'274,277,276','2017-11-27 09:46:42'),(1016,64,94,'368','2017-11-27 09:46:58'),(1017,64,95,'374','2017-11-27 09:47:35'),(1018,65,73,'286','2017-11-27 09:48:07'),(1019,64,97,'381','2017-11-27 09:48:37'),(1020,65,87,'344','2017-11-27 09:48:50'),(1021,65,90,'354','2017-11-27 09:49:25'),(1022,65,91,'358','2017-11-27 09:50:22'),(1023,65,93,'366','2017-11-27 09:51:29'),(1024,64,98,'386,384,385','2017-11-27 09:51:34'),(1025,65,95,'374','2017-11-27 09:51:50'),(1026,65,107,'417','2017-11-27 09:52:05'),(1027,64,102,'400','2017-11-27 09:56:08'),(1028,66,2,'120','2017-11-27 09:56:12'),(1029,66,7,'26,25,27','2017-11-27 09:58:28'),(1030,66,11,'43,41','2017-11-27 10:01:56'),(1031,66,17,'123','2017-11-27 11:13:45'),(1032,71,1,'10','2017-11-27 12:56:40'),(1033,69,1,'3','2017-11-27 12:57:09'),(1034,69,6,'22,21','2017-11-27 12:57:34'),(1035,71,3,'12','2017-11-27 12:57:34'),(1036,68,1,'153','2017-11-27 12:57:36'),(1037,73,5,'309','2017-11-27 12:57:51'),(1038,68,7,'26','2017-11-27 12:57:59'),(1039,68,12,'26','2017-11-27 12:58:00'),(1040,71,7,'27','2017-11-27 12:58:17'),(1041,73,6,'21','2017-11-27 12:59:09'),(1042,71,11,'42,43','2017-11-27 12:59:16'),(1043,69,14,'56','2017-11-27 12:59:21'),(1044,72,2,'7,5','2017-11-27 12:59:28'),(1045,71,12,'46','2017-11-27 12:59:47'),(1046,69,20,'77','2017-11-27 12:59:50'),(1047,68,13,'52','2017-11-27 13:00:10'),(1048,69,21,'82','2017-11-27 13:00:19'),(1049,71,21,'82,83','2017-11-27 13:00:22'),(1050,72,4,'13,15,14','2017-11-27 13:00:39'),(1051,70,1,'3','2017-11-27 13:00:43'),(1052,71,30,'119','2017-11-27 13:01:00'),(1053,69,23,'92','2017-11-27 13:01:02'),(1054,68,18,'69','2017-11-27 13:01:02'),(1055,70,2,'6','2017-11-27 13:01:12'),(1056,68,20,'77','2017-11-27 13:01:14'),(1057,68,21,'83','2017-11-27 13:01:24'),(1058,71,35,'137','2017-11-27 13:01:26'),(1059,68,27,'105','2017-11-27 13:01:33'),(1060,72,7,'27,25,26','2017-11-27 13:01:34'),(1061,70,3,'12,11,10,9','2017-11-27 13:01:35'),(1062,68,28,'112','2017-11-27 13:01:55'),(1063,70,12,'46,45','2017-11-27 13:01:55'),(1064,69,25,'98','2017-11-27 13:01:57'),(1065,72,11,'42,43','2017-11-27 13:02:00'),(1066,71,37,'144','2017-11-27 13:02:01'),(1067,68,34,'133','2017-11-27 13:02:17'),(1068,69,26,'102','2017-11-27 13:02:23'),(1069,73,14,'55','2017-11-27 13:02:28'),(1070,73,16,'55','2017-11-27 13:02:29'),(1071,71,38,'150','2017-11-27 13:02:39'),(1072,69,28,'110','2017-11-27 13:02:44'),(1073,68,39,'153','2017-11-27 13:02:46'),(1074,70,13,'52,51','2017-11-27 13:03:09'),(1075,69,34,'133','2017-11-27 13:03:10'),(1076,69,40,'159','2017-11-27 13:03:23'),(1077,70,15,'57','2017-11-27 13:03:34'),(1078,71,40,'156','2017-11-27 13:03:40'),(1079,68,42,'165','2017-11-27 13:03:42'),(1080,69,42,'165','2017-11-27 13:03:44'),(1081,71,41,'160','2017-11-27 13:03:55'),(1082,70,16,'61,62,63','2017-11-27 13:04:01'),(1083,68,46,'181','2017-11-27 13:04:03'),(1084,69,46,'181','2017-11-27 13:04:06'),(1085,69,48,'188','2017-11-27 13:04:19'),(1086,71,45,'179','2017-11-27 13:04:30'),(1087,70,19,'73','2017-11-27 13:04:34'),(1088,72,13,'51,52','2017-11-27 13:04:35'),(1089,69,51,'201','2017-11-27 13:04:38'),(1090,68,51,'201','2017-11-27 13:04:54'),(1091,69,57,'224','2017-11-27 13:04:57'),(1092,73,33,'128','2017-11-27 13:05:15'),(1093,71,48,'188','2017-11-27 13:05:20'),(1094,69,65,'255','2017-11-27 13:05:20'),(1095,70,21,'84,82','2017-11-27 13:05:21'),(1096,72,18,'72,70','2017-11-27 13:05:36'),(1097,71,50,'196','2017-11-27 13:05:39'),(1098,68,55,'216,219,218','2017-11-27 13:05:51'),(1099,71,52,'206','2017-11-27 13:06:10'),(1100,69,66,'261','2017-11-27 13:06:17'),(1101,70,22,'87','2017-11-27 13:06:27'),(1102,68,56,'221','2017-11-27 13:06:28'),(1103,69,73,'286','2017-11-27 13:06:31'),(1104,72,19,'73','2017-11-27 13:06:34'),(1105,68,57,'224','2017-11-27 13:06:53'),(1106,70,24,'95','2017-11-27 13:07:10'),(1107,72,22,'87','2017-11-27 13:07:11'),(1108,69,78,'307','2017-11-27 13:07:23'),(1109,72,26,'104','2017-11-27 13:07:24'),(1110,71,54,'213','2017-11-27 13:07:35'),(1111,69,79,'309','2017-11-27 13:07:41'),(1112,68,62,'243','2017-11-27 13:07:45'),(1113,72,27,'106','2017-11-27 13:07:47'),(1114,70,27,'107','2017-11-27 13:07:54'),(1115,69,80,'314','2017-11-27 13:07:58'),(1116,71,64,'253','2017-11-27 13:08:01'),(1117,72,29,'116','2017-11-27 13:08:14'),(1118,69,83,'328','2017-11-27 13:08:15'),(1119,71,66,'258','2017-11-27 13:08:27'),(1120,71,68,'266','2017-11-27 13:08:32'),(1121,71,70,'271','2017-11-27 13:08:42'),(1122,69,84,'330','2017-11-27 13:08:43'),(1123,72,32,'126','2017-11-27 13:08:46'),(1124,70,33,'130','2017-11-27 13:08:49'),(1125,71,71,'278','2017-11-27 13:08:54'),(1126,68,67,'263','2017-11-27 13:09:09'),(1127,71,72,'279','2017-11-27 13:09:19'),(1128,69,86,'339','2017-11-27 13:09:23'),(1129,73,35,'137','2017-11-27 13:09:31'),(1130,72,37,'145','2017-11-27 13:09:35'),(1131,73,37,'145','2017-11-27 13:09:39'),(1132,70,34,'133','2017-11-27 13:09:54'),(1133,69,89,'352','2017-11-27 13:09:55'),(1134,71,79,'309','2017-11-27 13:09:59'),(1135,72,39,'152,154','2017-11-27 13:10:16'),(1136,71,89,'349','2017-11-27 13:10:17'),(1137,69,100,'392','2017-11-27 13:10:18'),(1138,68,71,'274,276','2017-11-27 13:10:30'),(1139,70,46,'181','2017-11-27 13:10:31'),(1140,69,102,'399','2017-11-27 13:10:40'),(1141,72,49,'194','2017-11-27 13:10:45'),(1142,69,106,'415','2017-11-27 13:10:56'),(1143,73,42,'165','2017-11-27 13:11:26'),(1144,69,108,'420','2017-11-27 13:11:34'),(1145,73,49,'194','2017-11-27 13:11:42'),(1146,73,51,'202','2017-11-27 13:12:06'),(1147,72,52,'206','2017-11-27 13:12:10'),(1148,71,94,'368','2017-11-27 13:12:12'),(1149,68,72,'281,279,280','2017-11-27 13:12:40'),(1150,71,96,'378','2017-11-27 13:12:57'),(1151,71,102,'402','2017-11-27 13:13:10'),(1152,68,76,'300','2017-11-27 13:13:12'),(1153,71,103,'406','2017-11-27 13:13:15'),(1154,72,55,'219,216,218','2017-11-27 13:13:46'),(1155,71,109,'424','2017-11-27 13:13:47'),(1156,68,77,'301','2017-11-27 13:14:10'),(1157,70,50,'196','2017-11-27 13:14:14'),(1158,73,53,'211','2017-11-27 13:14:21'),(1159,72,58,'230,228','2017-11-27 13:15:01'),(1160,70,63,'248','2017-11-27 13:15:54'),(1161,74,3,'116','2017-11-27 13:16:35'),(1162,72,59,'233','2017-11-27 13:16:41'),(1163,68,79,'309,312','2017-11-27 13:16:41'),(1164,74,5,'116','2017-11-27 13:16:45'),(1165,70,64,'251','2017-11-27 13:16:50'),(1166,74,7,'26','2017-11-27 13:17:17'),(1167,74,8,'29','2017-11-27 13:17:44'),(1168,72,61,'241,242','2017-11-27 13:18:07'),(1169,68,82,'323','2017-11-27 13:18:24'),(1170,72,77,'301','2017-11-27 13:18:34'),(1171,70,76,'297','2017-11-27 13:18:54'),(1172,72,78,'307','2017-11-27 13:19:01'),(1173,74,11,'43,41','2017-11-27 13:19:24'),(1174,70,77,'301','2017-11-27 13:19:36'),(1175,68,85,'336','2017-11-27 13:19:46'),(1176,70,79,'309','2017-11-27 13:19:49'),(1177,74,14,'55,53','2017-11-27 13:19:51'),(1178,70,81,'317','2017-11-27 13:20:01'),(1179,68,93,'365','2017-11-27 13:20:31'),(1180,74,16,'62,63,61','2017-11-27 13:20:32'),(1181,73,55,'217,218','2017-11-27 13:20:38'),(1182,70,82,'322','2017-11-27 13:20:59'),(1183,72,82,'323','2017-11-27 13:21:03'),(1184,68,95,'374','2017-11-27 13:21:11'),(1185,74,19,'75','2017-11-27 13:21:15'),(1186,68,97,'380','2017-11-27 13:21:31'),(1187,74,20,'77,78','2017-11-27 13:21:47'),(1188,70,85,'336','2017-11-27 13:21:53'),(1189,74,21,'82','2017-11-27 13:22:45'),(1190,72,84,'331,332,330','2017-11-27 13:22:49'),(1191,68,103,'404','2017-11-27 13:22:52'),(1192,70,94,'371','2017-11-27 13:22:57'),(1193,74,24,'95','2017-11-27 13:23:26'),(1194,73,60,'236','2017-11-27 13:23:42'),(1195,72,86,'339','2017-11-27 13:24:14'),(1196,72,90,'353','2017-11-27 13:24:56'),(1197,74,29,'116','2017-11-27 13:25:51'),(1198,70,99,'387','2017-11-27 13:25:51'),(1199,72,93,'365','2017-11-27 13:26:02'),(1200,72,95,'374','2017-11-27 13:26:23'),(1201,73,61,'239','2017-11-27 13:26:42'),(1202,70,100,'394,392','2017-11-27 13:26:47'),(1203,73,64,'251','2017-11-27 13:26:49'),(1204,72,97,'380','2017-11-27 13:27:09'),(1205,74,38,'150','2017-11-27 13:27:11'),(1206,74,44,'172','2017-11-27 13:27:47'),(1207,73,67,'263','2017-11-27 13:27:55'),(1208,74,47,'184','2017-11-27 13:28:12'),(1209,73,68,'267','2017-11-27 13:28:35'),(1210,70,103,'404,405','2017-11-27 13:28:36'),(1211,74,49,'194','2017-11-27 13:28:41'),(1212,70,104,'408','2017-11-27 13:29:11'),(1213,74,55,'216','2017-11-27 13:29:13'),(1214,73,77,'301','2017-11-27 13:29:50'),(1215,74,56,'221','2017-11-27 13:29:54'),(1216,72,103,'406,405,404,403','2017-11-27 13:30:07'),(1217,70,109,'423','2017-11-27 13:30:31'),(1218,73,79,'309','2017-11-27 13:30:33'),(1219,74,68,'267','2017-11-27 13:30:35'),(1220,74,70,'267','2017-11-27 13:31:46'),(1221,76,11,'339','2017-11-27 13:32:07'),(1222,74,74,'290','2017-11-27 13:32:51'),(1223,73,82,'322','2017-11-27 13:32:53'),(1224,67,1,'3','2017-11-27 13:33:24'),(1225,74,78,'307','2017-11-27 13:33:25'),(1226,76,15,'59','2017-11-27 13:33:36'),(1227,74,84,'329','2017-11-27 13:33:56'),(1228,76,16,'64,61,63,62','2017-11-27 13:34:11'),(1229,73,84,'330','2017-11-27 13:34:24'),(1230,74,92,'361','2017-11-27 13:34:26'),(1231,67,3,'12','2017-11-27 13:34:28'),(1232,76,18,'72','2017-11-27 13:34:35'),(1233,77,1,'22,21','2017-11-27 13:34:44'),(1234,74,96,'378','2017-11-27 13:35:01'),(1235,67,4,'14,13,15','2017-11-27 13:35:06'),(1236,77,4,'13,14,15','2017-11-27 13:35:11'),(1237,77,6,'21,22','2017-11-27 13:35:20'),(1238,76,20,'77','2017-11-27 13:35:38'),(1239,73,87,'344','2017-11-27 13:35:41'),(1240,77,8,'29','2017-11-27 13:35:53'),(1241,76,22,'87','2017-11-27 13:36:00'),(1242,76,26,'104','2017-11-27 13:36:10'),(1243,74,97,'380','2017-11-27 13:36:15'),(1244,67,7,'26,27','2017-11-27 13:36:26'),(1245,76,31,'120','2017-11-27 13:36:28'),(1246,76,32,'126','2017-11-27 13:36:42'),(1247,67,15,'59','2017-11-27 13:36:50'),(1248,77,13,'49','2017-11-27 13:37:01'),(1249,76,38,'150','2017-11-27 13:37:07'),(1250,77,14,'54','2017-11-27 13:37:18'),(1251,76,41,'160','2017-11-27 13:37:29'),(1252,74,98,'385','2017-11-27 13:37:42'),(1253,76,46,'181','2017-11-27 13:37:43'),(1254,76,50,'196','2017-11-27 13:38:04'),(1255,77,15,'60','2017-11-27 13:38:15'),(1256,74,100,'392','2017-11-27 13:38:17'),(1257,67,18,'70','2017-11-27 13:38:27'),(1258,77,17,'65','2017-11-27 13:38:35'),(1259,74,106,'415','2017-11-27 13:38:39'),(1260,67,20,'77','2017-11-27 13:38:50'),(1261,77,25,'98','2017-11-27 13:38:53'),(1262,77,26,'104','2017-11-27 13:39:08'),(1263,67,22,'87','2017-11-27 13:39:20'),(1264,77,34,'133','2017-11-27 13:39:25'),(1265,76,52,'206','2017-11-27 13:39:28'),(1266,67,23,'90','2017-11-27 13:39:38'),(1267,74,109,'424','2017-11-27 13:39:39'),(1268,67,25,'98','2017-11-27 13:39:48'),(1269,67,26,'102','2017-11-27 13:39:56'),(1270,76,54,'213','2017-11-27 13:40:03'),(1271,77,35,'137','2017-11-27 13:40:12'),(1272,76,56,'221','2017-11-27 13:40:19'),(1273,73,88,'346','2017-11-27 13:40:26'),(1274,77,47,'184','2017-11-27 13:40:34'),(1275,77,49,'194','2017-11-27 13:40:52'),(1276,67,29,'113','2017-11-27 13:40:57'),(1277,76,61,'242','2017-11-27 13:41:03'),(1278,67,31,'120','2017-11-27 13:41:21'),(1279,77,51,'203','2017-11-27 13:41:23'),(1280,78,2,'309','2017-11-27 13:41:24'),(1281,76,64,'251','2017-11-27 13:41:28'),(1282,77,56,'221','2017-11-27 13:41:49'),(1283,76,73,'286','2017-11-27 13:41:50'),(1284,76,78,'307','2017-11-27 13:42:00'),(1285,76,79,'312,309','2017-11-27 13:42:10'),(1286,67,34,'133','2017-11-27 13:42:12'),(1287,73,92,'361','2017-11-27 13:42:15'),(1288,77,59,'233','2017-11-27 13:42:22'),(1289,76,80,'314','2017-11-27 13:42:26'),(1290,76,81,'317','2017-11-27 13:42:35'),(1291,67,35,'138','2017-11-27 13:42:43'),(1292,78,4,'14,13,15','2017-11-27 13:42:44'),(1293,67,39,'138','2017-11-27 13:42:45'),(1294,76,82,'323','2017-11-27 13:42:59'),(1295,73,93,'365','2017-11-27 13:43:12'),(1296,77,60,'238','2017-11-27 13:43:27'),(1297,76,84,'332','2017-11-27 13:43:47'),(1298,78,10,'39,38','2017-11-27 13:43:49'),(1299,73,94,'371','2017-11-27 13:43:59'),(1300,76,85,'335','2017-11-27 13:44:21'),(1301,73,96,'378','2017-11-27 13:44:32'),(1302,78,12,'45,46,47','2017-11-27 13:44:38'),(1303,73,97,'380','2017-11-27 13:44:55'),(1304,78,14,'53,55','2017-11-27 13:44:59'),(1305,76,86,'339','2017-11-27 13:45:01'),(1306,78,15,'53,55','2017-11-27 13:45:18'),(1307,76,94,'368','2017-11-27 13:45:34'),(1308,76,96,'378','2017-11-27 13:45:51'),(1309,78,16,'62,63,61','2017-11-27 13:46:03'),(1310,67,48,'188','2017-11-27 13:46:14'),(1311,73,99,'389','2017-11-27 13:46:21'),(1312,67,52,'206','2017-11-27 13:46:37'),(1313,78,17,'67,65','2017-11-27 13:46:55'),(1314,78,24,'95','2017-11-27 13:47:26'),(1315,76,98,'385','2017-11-27 13:47:34'),(1316,67,62,'244','2017-11-27 13:48:00'),(1317,78,25,'98','2017-11-27 13:48:06'),(1318,67,74,'290','2017-11-27 13:48:17'),(1319,77,62,'243','2017-11-27 13:48:18'),(1320,67,78,'307','2017-11-27 13:48:26'),(1321,77,70,'272','2017-11-27 13:48:33'),(1322,67,79,'309','2017-11-27 13:48:45'),(1323,78,40,'156','2017-11-27 13:48:51'),(1324,67,90,'353','2017-11-27 13:49:31'),(1325,78,43,'168','2017-11-27 13:49:36'),(1326,78,47,'184','2017-11-27 13:49:48'),(1327,78,51,'202','2017-11-27 13:50:53'),(1328,67,93,'367','2017-11-27 13:50:58'),(1329,67,95,'374','2017-11-27 13:51:10'),(1330,78,52,'206','2017-11-27 13:51:31'),(1331,67,102,'402','2017-11-27 13:51:32'),(1332,67,104,'407','2017-11-27 13:52:09'),(1333,67,107,'417','2017-11-27 13:52:38'),(1334,73,103,'404','2017-11-27 13:53:08'),(1335,78,53,'211','2017-11-27 13:53:18'),(1336,78,54,'213','2017-11-27 13:53:33'),(1337,67,108,'420','2017-11-27 13:53:37'),(1338,67,109,'424','2017-11-27 13:54:28'),(1339,78,61,'242','2017-11-27 13:54:32'),(1340,78,64,'251','2017-11-27 13:55:03'),(1341,77,71,'275,276','2017-11-27 13:55:23'),(1342,77,79,'309','2017-11-27 13:55:31'),(1343,78,65,'256','2017-11-27 13:55:59'),(1344,78,68,'267','2017-11-27 13:56:06'),(1345,77,83,'328','2017-11-27 13:56:17'),(1346,78,69,'267','2017-11-27 13:56:29'),(1347,77,84,'330','2017-11-27 13:56:32'),(1348,78,74,'290','2017-11-27 13:56:40'),(1349,79,4,'367','2017-11-27 13:56:57'),(1350,78,76,'300','2017-11-27 13:57:05'),(1351,79,8,'31','2017-11-27 13:57:12'),(1352,78,78,'305,307','2017-11-27 13:57:20'),(1353,78,79,'306,307','2017-11-27 13:57:24'),(1354,77,92,'364','2017-11-27 13:57:24'),(1355,77,94,'371','2017-11-27 13:57:57'),(1356,77,98,'385','2017-11-27 13:58:18'),(1357,77,104,'408','2017-11-27 13:58:36'),(1358,78,88,'345','2017-11-27 13:58:58'),(1359,77,107,'408','2017-11-27 13:58:59'),(1360,79,16,'64,61,62','2017-11-27 13:59:25'),(1361,78,94,'368','2017-11-27 13:59:43'),(1362,78,96,'378','2017-11-27 14:00:13'),(1363,78,105,'378','2017-11-27 14:00:21'),(1364,77,109,'424','2017-11-27 14:00:34'),(1365,79,17,'65','2017-11-27 14:00:58'),(1366,79,20,'77','2017-11-27 14:02:05'),(1367,79,25,'98','2017-11-27 14:02:09'),(1368,79,26,'104','2017-11-27 14:02:14'),(1369,79,27,'105','2017-11-27 14:03:35'),(1370,79,28,'112','2017-11-27 14:03:50'),(1371,79,30,'119','2017-11-27 14:04:03'),(1372,79,38,'150','2017-11-27 14:04:17'),(1373,80,2,'272','2017-11-27 14:04:58'),(1374,79,44,'172','2017-11-27 14:05:07'),(1375,79,54,'172','2017-11-27 14:05:12'),(1376,80,4,'13,14,15','2017-11-27 14:05:14'),(1377,80,6,'22,21','2017-11-27 14:05:22'),(1378,80,9,'34,35','2017-11-27 14:06:11'),(1379,80,10,'39,37','2017-11-27 14:06:48'),(1380,80,12,'46,47','2017-11-27 14:08:25'),(1381,80,13,'52','2017-11-27 14:08:45'),(1382,80,15,'59','2017-11-27 14:09:20'),(1383,81,1,'206','2017-11-30 10:32:51'),(1384,81,2,'8,5','2017-11-30 10:33:12'),(1385,81,3,'9,12,11,10','2017-11-30 10:33:42'),(1386,81,4,'13,15','2017-11-30 10:34:05'),(1387,81,5,'17,19','2017-11-30 10:35:44'),(1388,81,10,'38,40,37','2017-11-30 10:37:16'),(1389,81,16,'61','2017-11-30 10:37:37'),(1390,81,24,'96','2017-11-30 10:38:50'),(1391,81,25,'98','2017-11-30 10:39:09'),(1392,81,26,'104','2017-11-30 10:39:47'),(1393,81,27,'107','2017-11-30 10:40:01'),(1394,81,30,'119','2017-11-30 10:40:14'),(1395,81,35,'139','2017-11-30 10:41:16'),(1396,81,49,'139','2017-11-30 10:41:18'),(1397,81,52,'207','2017-11-30 10:41:38'),(1398,81,53,'208','2017-11-30 10:41:58'),(1399,81,54,'213','2017-11-30 10:42:07'),(1400,81,60,'235','2017-11-30 10:42:19'),(1401,81,62,'243','2017-11-30 10:42:26'),(1402,81,63,'248','2017-11-30 10:42:38'),(1403,81,72,'281,280,279','2017-11-30 10:42:50'),(1404,81,73,'286','2017-11-30 10:42:59'),(1405,81,74,'290','2017-11-30 10:43:07'),(1406,81,77,'301','2017-11-30 10:43:25'),(1407,81,78,'307','2017-11-30 10:43:36'),(1408,81,79,'309','2017-11-30 10:43:50'),(1409,81,81,'317','2017-11-30 10:44:02'),(1410,81,89,'352','2017-11-30 10:44:11'),(1411,81,95,'374','2017-11-30 10:44:16'),(1412,81,106,'414','2017-11-30 10:44:31'),(1413,82,2,'286','2017-11-30 10:46:02'),(1414,82,7,'28,27,25','2017-11-30 10:46:58'),(1415,82,9,'33,34,35','2017-11-30 10:48:08'),(1416,82,13,'52,50,49','2017-11-30 10:49:11'),(1417,82,16,'62,61','2017-11-30 10:50:37'),(1418,82,25,'98','2017-11-30 10:50:56'),(1419,82,28,'110','2017-11-30 10:51:51'),(1420,82,31,'120','2017-11-30 10:52:30'),(1421,82,33,'128,131,130','2017-11-30 10:53:16'),(1422,82,34,'133','2017-11-30 10:53:29'),(1423,82,38,'148','2017-11-30 10:53:44'),(1424,82,40,'158','2017-11-30 10:54:54'),(1425,82,43,'168','2017-11-30 10:55:18'),(1426,82,44,'173','2017-11-30 10:55:53'),(1427,82,48,'188','2017-11-30 10:56:59'),(1428,82,51,'201','2017-11-30 10:58:05'),(1429,82,53,'208','2017-11-30 10:58:43'),(1430,82,54,'213','2017-11-30 10:59:06'),(1431,82,55,'218,216,219','2017-11-30 10:59:46'),(1432,82,62,'243','2017-11-30 11:00:00'),(1433,60,3,'11,10','2017-11-30 11:00:37'),(1434,60,4,'13,16,15,14','2017-11-30 11:01:31'),(1435,60,8,'29','2017-11-30 11:01:54'),(1436,82,71,'276,277,274,275','2017-11-30 11:02:11'),(1437,82,73,'286','2017-11-30 11:02:23'),(1438,82,74,'290','2017-11-30 11:02:53'),(1439,60,9,'36,35','2017-11-30 11:02:56'),(1440,82,78,'307','2017-11-30 11:03:03'),(1441,82,79,'309','2017-11-30 11:03:24'),(1442,60,13,'49,52','2017-11-30 11:03:59'),(1443,60,16,'61,62','2017-11-30 11:04:35'),(1444,82,93,'367','2017-11-30 11:04:38'),(1445,60,18,'69,70','2017-11-30 11:05:02'),(1446,82,94,'368','2017-11-30 11:05:11'),(1447,83,9,'411','2017-11-30 11:05:32'),(1448,60,27,'107','2017-11-30 11:05:58'),(1449,82,100,'392,394','2017-11-30 11:06:00'),(1450,60,30,'119','2017-11-30 11:06:09'),(1451,83,13,'51,49,52','2017-11-30 11:06:13'),(1452,83,14,'53,55','2017-11-30 11:06:43'),(1453,83,15,'57','2017-11-30 11:06:49'),(1454,60,38,'150','2017-11-30 11:06:56'),(1455,60,39,'154','2017-11-30 11:07:32'),(1456,36,59,'234','2017-11-30 11:07:38'),(1457,82,103,'404,403','2017-11-30 11:07:38'),(1458,83,16,'62,63,61','2017-11-30 11:07:50'),(1459,36,65,'256','2017-11-30 11:07:53'),(1460,60,43,'171','2017-11-30 11:07:59'),(1461,82,104,'408','2017-11-30 11:08:02'),(1462,36,68,'267','2017-11-30 11:08:03'),(1463,60,46,'181','2017-11-30 11:08:12'),(1464,36,74,'291','2017-11-30 11:08:27'),(1465,83,22,'87','2017-11-30 11:08:33'),(1466,36,76,'300','2017-11-30 11:08:38'),(1467,83,36,'141','2017-11-30 11:08:40'),(1468,36,77,'301','2017-11-30 11:09:27'),(1469,36,80,'314','2017-11-30 11:09:35'),(1470,36,81,'317','2017-11-30 11:09:40'),(1471,60,52,'205','2017-11-30 11:09:52'),(1472,60,53,'209','2017-11-30 11:10:13'),(1473,36,86,'339','2017-11-30 11:10:20'),(1474,83,37,'144','2017-11-30 11:10:50'),(1475,36,89,'351','2017-11-30 11:10:51'),(1476,83,39,'152','2017-11-30 11:12:31'),(1477,36,93,'365','2017-11-30 11:12:34'),(1478,36,98,'385','2017-11-30 11:12:53'),(1479,84,2,'42,43,41','2017-11-30 11:12:59'),(1480,36,99,'388','2017-11-30 11:13:06'),(1481,36,101,'395','2017-11-30 11:13:16'),(1482,36,103,'404','2017-11-30 11:13:44'),(1483,36,106,'414','2017-11-30 11:14:15'),(1484,83,41,'163','2017-11-30 11:14:46'),(1485,84,5,'17,18,20','2017-11-30 11:15:00'),(1486,83,53,'211','2017-11-30 11:15:15'),(1487,84,11,'41,43,42','2017-11-30 11:15:39'),(1488,83,59,'232','2017-11-30 11:15:54'),(1489,60,60,'238','2017-11-30 11:16:22'),(1490,83,61,'242','2017-11-30 11:16:37'),(1491,85,3,'11,12,9,10','2017-11-30 11:16:53'),(1492,60,68,'267','2017-11-30 11:17:05'),(1493,83,67,'263','2017-11-30 11:17:08'),(1494,60,69,'268','2017-11-30 11:17:13'),(1495,60,72,'279','2017-11-30 11:17:35'),(1496,85,8,'29','2017-11-30 11:17:36'),(1497,85,10,'38,39','2017-11-30 11:18:04'),(1498,60,75,'294','2017-11-30 11:18:07'),(1499,60,77,'301','2017-11-30 11:18:21'),(1500,83,72,'279,281','2017-11-30 11:18:33'),(1501,85,13,'49,52,51','2017-11-30 11:18:53'),(1502,60,85,'336','2017-11-30 11:19:05'),(1503,84,14,'54,53,55','2017-11-30 11:19:11'),(1504,85,18,'70,69','2017-11-30 11:19:25'),(1505,83,76,'300','2017-11-30 11:19:29'),(1506,84,16,'61,62','2017-11-30 11:19:35'),(1507,85,19,'75','2017-11-30 11:19:44'),(1508,60,86,'339','2017-11-30 11:19:59'),(1509,60,98,'383','2017-11-30 11:20:09'),(1510,84,18,'70,69,71','2017-11-30 11:20:24'),(1511,60,99,'390','2017-11-30 11:20:26'),(1512,84,23,'90','2017-11-30 11:20:39'),(1513,83,78,'307','2017-11-30 11:20:45'),(1514,85,20,'77,78','2017-11-30 11:20:55'),(1515,85,28,'112','2017-11-30 11:20:59'),(1516,85,32,'126','2017-11-30 11:21:04'),(1517,85,33,'128','2017-11-30 11:21:35'),(1518,83,79,'309','2017-11-30 11:21:41'),(1519,85,34,'133','2017-11-30 11:21:43'),(1520,85,36,'141','2017-11-30 11:22:28'),(1521,83,80,'314','2017-11-30 11:22:47'),(1522,85,42,'165','2017-11-30 11:23:01'),(1523,83,85,'335','2017-11-30 11:23:10'),(1524,83,86,'340','2017-11-30 11:23:36'),(1525,84,30,'119','2017-11-30 11:23:42'),(1526,83,87,'342','2017-11-30 11:23:50'),(1527,84,31,'120','2017-11-30 11:23:51'),(1528,84,32,'126','2017-11-30 11:23:58'),(1529,85,44,'173','2017-11-30 11:24:27'),(1530,83,94,'371,368','2017-11-30 11:24:35'),(1531,83,95,'374','2017-11-30 11:24:44'),(1532,85,45,'177','2017-11-30 11:24:44'),(1533,85,50,'196','2017-11-30 11:24:54'),(1534,60,100,'394,393,391','2017-11-30 11:25:13'),(1535,83,96,'378','2017-11-30 11:25:14'),(1536,85,53,'211','2017-11-30 11:25:40'),(1537,85,55,'216','2017-11-30 11:25:51'),(1538,60,101,'397','2017-11-30 11:26:04'),(1539,83,99,'389','2017-11-30 11:26:16'),(1540,85,59,'234','2017-11-30 11:26:17'),(1541,84,33,'129,128,130','2017-11-30 11:26:26'),(1542,85,60,'237','2017-11-30 11:26:36'),(1543,83,100,'392','2017-11-30 11:26:42'),(1544,83,105,'411','2017-11-30 11:26:47'),(1545,84,35,'139','2017-11-30 11:26:49'),(1546,84,44,'173','2017-11-30 11:27:00'),(1547,83,106,'414,415','2017-11-30 11:27:20'),(1548,60,103,'406,405','2017-11-30 11:27:39'),(1549,83,108,'420','2017-11-30 11:27:49'),(1550,60,104,'408','2017-11-30 11:27:55'),(1551,85,66,'260','2017-11-30 11:28:08'),(1552,60,105,'411','2017-11-30 11:28:33'),(1553,86,6,'112','2017-11-30 11:29:19'),(1554,86,14,'55,53','2017-11-30 11:30:13'),(1555,84,45,'177','2017-11-30 11:30:14'),(1556,85,70,'272','2017-11-30 11:30:16'),(1557,85,74,'291','2017-11-30 11:30:31'),(1558,84,48,'188','2017-11-30 11:30:32'),(1559,84,49,'194','2017-11-30 11:30:48'),(1560,85,77,'301','2017-11-30 11:30:50'),(1561,85,80,'313','2017-11-30 11:31:07'),(1562,87,6,'98','2017-11-30 11:31:23'),(1563,86,18,'69,70','2017-11-30 11:31:34'),(1564,87,12,'45,47','2017-11-30 11:31:44'),(1565,87,14,'53','2017-11-30 11:31:57'),(1566,84,51,'200','2017-11-30 11:32:02'),(1567,86,22,'87','2017-11-30 11:32:10'),(1568,86,24,'95','2017-11-30 11:32:34'),(1569,84,55,'218,219,216','2017-11-30 11:32:42'),(1570,87,17,'68','2017-11-30 11:32:58'),(1571,87,23,'90','2017-11-30 11:33:03'),(1572,86,28,'112','2017-11-30 11:33:10'),(1573,86,32,'126','2017-11-30 11:33:19'),(1574,85,82,'322','2017-11-30 11:33:30'),(1575,87,24,'95','2017-11-30 11:33:35'),(1576,87,25,'98','2017-11-30 11:34:05'),(1577,87,30,'119,117','2017-11-30 11:34:18'),(1578,85,96,'375','2017-11-30 11:34:24'),(1579,86,38,'149','2017-11-30 11:34:28'),(1580,85,98,'385','2017-11-30 11:34:30'),(1581,87,33,'128','2017-11-30 11:34:30'),(1582,85,106,'414','2017-11-30 11:34:44'),(1583,87,35,'139','2017-11-30 11:34:44'),(1584,87,39,'152','2017-11-30 11:34:51'),(1585,85,107,'417','2017-11-30 11:35:02'),(1586,87,43,'168','2017-11-30 11:35:13'),(1587,87,44,'173','2017-11-30 11:35:29'),(1588,87,53,'211','2017-11-30 11:35:36'),(1589,87,54,'213','2017-11-30 11:35:45'),(1590,87,58,'230','2017-11-30 11:36:09'),(1591,86,39,'155','2017-11-30 11:36:15'),(1592,87,61,'242','2017-11-30 11:36:22'),(1593,84,58,'227','2017-11-30 11:36:35'),(1594,87,66,'260,261','2017-11-30 11:36:56'),(1595,86,40,'157','2017-11-30 11:37:07'),(1596,87,74,'290','2017-11-30 11:37:11'),(1597,87,76,'300','2017-11-30 11:37:34'),(1598,84,65,'256','2017-11-30 11:37:37'),(1599,87,79,'309','2017-11-30 11:37:48'),(1600,86,48,'188','2017-11-30 11:37:51'),(1601,84,66,'261','2017-11-30 11:37:55'),(1602,87,81,'317','2017-11-30 11:37:55'),(1603,86,49,'194','2017-11-30 11:37:59'),(1604,84,74,'290','2017-11-30 11:38:22'),(1605,87,88,'345','2017-11-30 11:38:29'),(1606,87,90,'353','2017-11-30 11:38:41'),(1607,84,87,'343','2017-11-30 11:38:46'),(1608,86,57,'224','2017-11-30 11:38:48'),(1609,86,58,'230','2017-11-30 11:38:57'),(1610,86,63,'247','2017-11-30 11:39:07'),(1611,87,93,'365','2017-11-30 11:39:09'),(1612,84,88,'348','2017-11-30 11:39:10'),(1613,84,90,'353','2017-11-30 11:39:29'),(1614,87,96,'378','2017-11-30 11:39:35'),(1615,87,98,'383','2017-11-30 11:39:54'),(1616,86,64,'251','2017-11-30 11:40:04'),(1617,84,92,'363','2017-11-30 11:40:06'),(1618,87,99,'389','2017-11-30 11:40:13'),(1619,84,93,'366','2017-11-30 11:40:20'),(1620,87,102,'400','2017-11-30 11:40:30'),(1621,84,97,'382','2017-11-30 11:40:47'),(1622,87,105,'410','2017-11-30 11:40:53'),(1623,84,100,'392','2017-11-30 11:41:13'),(1624,86,66,'260','2017-11-30 11:41:45'),(1625,84,103,'404,403','2017-11-30 11:41:52'),(1626,86,69,'268','2017-11-30 11:42:33'),(1627,86,72,'282,279,281','2017-11-30 11:43:54'),(1628,86,78,'307','2017-11-30 11:44:13'),(1629,86,79,'309','2017-11-30 11:44:24'),(1630,86,84,'332','2017-11-30 11:45:01'),(1631,86,90,'354','2017-11-30 11:46:47'),(1632,86,95,'374','2017-11-30 11:47:06'),(1633,86,98,'385','2017-11-30 11:47:28'),(1634,86,99,'389','2017-11-30 11:47:53'),(1635,86,101,'398','2017-11-30 11:48:17'),(1636,89,7,'27,26','2017-11-30 11:48:21'),(1637,86,105,'411','2017-11-30 11:48:22'),(1638,89,13,'49','2017-11-30 11:48:35'),(1639,89,14,'54','2017-11-30 11:48:56'),(1640,86,107,'417','2017-11-30 11:49:04'),(1641,89,15,'60','2017-11-30 11:49:15'),(1642,86,109,'424','2017-11-30 11:49:42'),(1643,89,19,'73','2017-11-30 11:49:58'),(1644,89,23,'90','2017-11-30 11:50:13'),(1645,89,25,'98','2017-11-30 11:50:21'),(1646,89,26,'104','2017-11-30 11:50:48'),(1647,89,31,'120','2017-11-30 11:50:57'),(1648,89,35,'139','2017-11-30 11:51:04'),(1649,89,45,'179','2017-11-30 11:51:16'),(1650,89,48,'188','2017-11-30 11:51:26'),(1651,89,52,'206','2017-11-30 11:51:48'),(1652,89,53,'211','2017-11-30 11:52:00'),(1653,89,56,'221','2017-11-30 11:52:12'),(1654,89,59,'232','2017-11-30 11:52:26'),(1655,89,63,'248','2017-11-30 11:52:45'),(1656,89,65,'257','2017-11-30 11:53:23'),(1657,89,67,'256','2017-11-30 11:53:26'),(1658,89,69,'268','2017-11-30 11:53:46'),(1659,89,81,'317','2017-11-30 11:54:01'),(1660,89,83,'328','2017-11-30 11:54:23'),(1661,89,85,'333','2017-11-30 11:54:57'),(1662,89,91,'359','2017-11-30 11:55:24'),(1663,89,95,'374','2017-11-30 11:55:41'),(1664,89,96,'378','2017-11-30 11:55:57'),(1665,89,101,'395','2017-11-30 11:56:14'),(1666,89,102,'399','2017-11-30 11:56:45'),(1667,89,103,'404','2017-11-30 11:57:19'),(1668,89,105,'410','2017-11-30 11:57:26'),(1669,90,4,'286','2017-12-01 09:10:02'),(1670,90,13,'51,49','2017-12-01 09:10:44'),(1671,92,5,'357,360','2017-12-01 09:10:46'),(1672,92,6,'22,21','2017-12-01 09:11:00'),(1673,90,14,'56','2017-12-01 09:11:09'),(1674,92,8,'29','2017-12-01 09:11:20'),(1675,92,12,'45,48','2017-12-01 09:11:56'),(1676,90,16,'64','2017-12-01 09:11:58'),(1677,90,17,'65','2017-12-01 09:12:22'),(1678,92,22,'86,88','2017-12-01 09:12:37'),(1679,90,23,'89','2017-12-01 09:12:39'),(1680,92,23,'92','2017-12-01 09:12:55'),(1681,90,28,'112','2017-12-01 09:12:55'),(1682,90,30,'117','2017-12-01 09:13:11'),(1683,92,33,'128,130','2017-12-01 09:13:14'),(1684,91,6,'364','2017-12-01 09:13:35'),(1685,92,34,'133','2017-12-01 09:13:40'),(1686,92,39,'152','2017-12-01 09:14:13'),(1687,93,1,'141','2017-12-01 09:14:20'),(1688,92,43,'171,168','2017-12-01 09:14:33'),(1689,92,46,'181','2017-12-01 09:14:50'),(1690,92,47,'184','2017-12-01 09:15:01'),(1691,93,4,'13,16,14,15','2017-12-01 09:15:19'),(1692,92,48,'188,189','2017-12-01 09:15:21'),(1693,92,50,'198','2017-12-01 09:15:33'),(1694,93,11,'43,42','2017-12-01 09:15:47'),(1695,93,15,'60','2017-12-01 09:16:05'),(1696,93,17,'68,65','2017-12-01 09:16:25'),(1697,92,51,'201','2017-12-01 09:16:26'),(1698,92,65,'256','2017-12-01 09:16:35'),(1699,93,21,'84,82','2017-12-01 09:16:38'),(1700,93,25,'98','2017-12-01 09:17:01'),(1701,92,69,'269','2017-12-01 09:18:03'),(1702,93,30,'119','2017-12-01 09:18:13'),(1703,92,70,'272','2017-12-01 09:18:21'),(1704,93,36,'141','2017-12-01 09:18:27'),(1705,92,73,'286','2017-12-01 09:18:34'),(1706,91,10,'37,40,39,38','2017-12-01 09:18:37'),(1707,93,37,'145','2017-12-01 09:18:37'),(1708,93,39,'155','2017-12-01 09:18:50'),(1709,92,84,'331,330','2017-12-01 09:18:55'),(1710,91,11,'42,43','2017-12-01 09:19:42'),(1711,92,85,'336','2017-12-01 09:19:55'),(1712,93,40,'158','2017-12-01 09:20:03'),(1713,91,12,'48','2017-12-01 09:20:06'),(1714,94,4,'352','2017-12-01 09:20:06'),(1715,94,6,'21','2017-12-01 09:20:39'),(1716,92,86,'338,339','2017-12-01 09:20:39'),(1717,93,41,'161','2017-12-01 09:20:42'),(1718,93,44,'173','2017-12-01 09:20:47'),(1719,95,1,'104','2017-12-01 09:20:53'),(1720,91,15,'58','2017-12-01 09:20:54'),(1721,92,87,'343','2017-12-01 09:20:58'),(1722,93,47,'184','2017-12-01 09:21:10'),(1723,93,50,'196','2017-12-01 09:21:17'),(1724,92,90,'353','2017-12-01 09:21:18'),(1725,94,10,'38,39','2017-12-01 09:21:46'),(1726,92,91,'360,359','2017-12-01 09:21:47'),(1727,93,51,'202','2017-12-01 09:21:56'),(1728,96,2,'45,47,46','2017-12-01 09:21:57'),(1729,93,62,'244','2017-12-01 09:22:02'),(1730,96,8,'29','2017-12-01 09:22:10'),(1731,91,16,'63,62','2017-12-01 09:22:16'),(1732,92,96,'376,377,375','2017-12-01 09:22:18'),(1733,96,12,'45,47,46','2017-12-01 09:22:23'),(1734,94,16,'63,61,62','2017-12-01 09:22:23'),(1735,96,15,'57','2017-12-01 09:22:34'),(1736,92,98,'386,384,383','2017-12-01 09:22:43'),(1737,96,18,'70,69','2017-12-01 09:22:54'),(1738,93,72,'279,280','2017-12-01 09:22:54'),(1739,94,19,'75','2017-12-01 09:22:57'),(1740,93,76,'300','2017-12-01 09:23:12'),(1741,96,23,'91,92,90','2017-12-01 09:23:30'),(1742,93,81,'317','2017-12-01 09:23:39'),(1743,96,28,'112','2017-12-01 09:23:41'),(1744,92,100,'394,392,391,393','2017-12-01 09:23:44'),(1745,94,21,'82','2017-12-01 09:23:51'),(1746,93,84,'332','2017-12-01 09:24:00'),(1747,95,3,'10,12,9,11','2017-12-01 09:24:07'),(1748,92,101,'396','2017-12-01 09:24:09'),(1749,93,87,'344','2017-12-01 09:24:16'),(1750,90,41,'163','2017-12-01 09:24:36'),(1751,92,108,'420','2017-12-01 09:24:41'),(1752,93,88,'345','2017-12-01 09:24:49'),(1753,90,44,'172','2017-12-01 09:24:52'),(1754,95,7,'27,26,25','2017-12-01 09:24:55'),(1755,93,94,'371','2017-12-01 09:25:00'),(1756,96,30,'119','2017-12-01 09:25:03'),(1757,90,51,'201','2017-12-01 09:25:12'),(1758,93,100,'393','2017-12-01 09:25:14'),(1759,96,34,'133','2017-12-01 09:25:24'),(1760,94,36,'141','2017-12-01 09:25:34'),(1761,90,54,'213','2017-12-01 09:25:47'),(1762,95,11,'41,43','2017-12-01 09:25:57'),(1763,94,42,'165','2017-12-01 09:26:13'),(1764,95,14,'55,53','2017-12-01 09:26:15'),(1765,93,101,'398','2017-12-01 09:26:22'),(1766,95,20,'78,77','2017-12-01 09:26:41'),(1767,93,102,'399','2017-12-01 09:26:55'),(1768,94,56,'221','2017-12-01 09:27:00'),(1769,90,55,'216,217,218,219','2017-12-01 09:27:12'),(1770,93,103,'403,404','2017-12-01 09:27:33'),(1771,94,58,'228','2017-12-01 09:27:33'),(1772,96,36,'143','2017-12-01 09:27:35'),(1773,93,104,'407','2017-12-01 09:27:47'),(1774,97,10,'39','2017-12-01 09:27:47'),(1775,90,57,'226','2017-12-01 09:27:48'),(1776,96,39,'154','2017-12-01 09:28:01'),(1777,96,46,'181','2017-12-01 09:28:08'),(1778,90,59,'233','2017-12-01 09:28:12'),(1779,95,21,'82','2017-12-01 09:28:13'),(1780,97,12,'48,45','2017-12-01 09:28:15'),(1781,96,49,'194','2017-12-01 09:28:31'),(1782,90,60,'237,238,236','2017-12-01 09:28:41'),(1783,94,65,'256','2017-12-01 09:28:41'),(1784,95,22,'87','2017-12-01 09:28:43'),(1785,96,50,'196','2017-12-01 09:29:03'),(1786,94,67,'263','2017-12-01 09:29:04'),(1787,97,18,'69','2017-12-01 09:29:08'),(1788,95,23,'90','2017-12-01 09:29:09'),(1789,90,62,'244','2017-12-01 09:29:10'),(1790,90,64,'251','2017-12-01 09:29:23'),(1791,96,53,'211','2017-12-01 09:29:32'),(1792,97,22,'88,86','2017-12-01 09:29:40'),(1793,95,26,'104','2017-12-01 09:29:41'),(1794,90,66,'260','2017-12-01 09:29:43'),(1795,96,56,'222','2017-12-01 09:29:58'),(1796,90,73,'286','2017-12-01 09:30:01'),(1797,95,31,'120','2017-12-01 09:30:04'),(1798,97,27,'108','2017-12-01 09:30:04'),(1799,97,29,'116','2017-12-01 09:30:15'),(1800,90,75,'294','2017-12-01 09:30:16'),(1801,96,59,'231','2017-12-01 09:30:22'),(1802,94,68,'267','2017-12-01 09:30:25'),(1803,90,78,'307','2017-12-01 09:30:28'),(1804,96,60,'236','2017-12-01 09:30:29'),(1805,97,37,'145','2017-12-01 09:30:34'),(1806,90,80,'314','2017-12-01 09:30:39'),(1807,95,32,'126','2017-12-01 09:30:45'),(1808,97,38,'150','2017-12-01 09:30:45'),(1809,96,67,'263','2017-12-01 09:30:55'),(1810,95,44,'175','2017-12-01 09:31:07'),(1811,94,70,'272','2017-12-01 09:31:15'),(1812,90,86,'338','2017-12-01 09:31:21'),(1813,96,69,'268','2017-12-01 09:31:21'),(1814,97,39,'153','2017-12-01 09:31:31'),(1815,97,40,'159','2017-12-01 09:31:47'),(1816,95,53,'211','2017-12-01 09:31:52'),(1817,90,91,'358','2017-12-01 09:31:54'),(1818,96,74,'290','2017-12-01 09:32:02'),(1819,97,42,'165','2017-12-01 09:32:05'),(1820,95,54,'214','2017-12-01 09:32:15'),(1821,97,46,'181','2017-12-01 09:32:21'),(1822,95,65,'256','2017-12-01 09:32:23'),(1823,90,94,'371','2017-12-01 09:32:23'),(1824,96,75,'294','2017-12-01 09:32:24'),(1825,97,49,'194','2017-12-01 09:32:31'),(1826,94,74,'290','2017-12-01 09:32:38'),(1827,90,100,'392','2017-12-01 09:32:44'),(1828,96,79,'309','2017-12-01 09:32:51'),(1829,97,64,'251','2017-12-01 09:32:51'),(1830,90,101,'396','2017-12-01 09:33:07'),(1831,96,90,'354','2017-12-01 09:33:11'),(1832,97,66,'258,259','2017-12-01 09:33:15'),(1833,94,79,'309','2017-12-01 09:33:24'),(1834,90,104,'408','2017-12-01 09:33:27'),(1835,97,70,'272','2017-12-01 09:33:27'),(1836,96,91,'358','2017-12-01 09:33:39'),(1837,97,71,'274,275,276','2017-12-01 09:33:48'),(1838,96,93,'365','2017-12-01 09:33:55'),(1839,90,106,'414','2017-12-01 09:33:57'),(1840,97,73,'286','2017-12-01 09:33:57'),(1841,96,94,'371','2017-12-01 09:34:09'),(1842,95,67,'263','2017-12-01 09:34:18'),(1843,96,100,'392','2017-12-01 09:34:23'),(1844,96,101,'398','2017-12-01 09:34:39'),(1845,97,74,'290,291','2017-12-01 09:34:59'),(1846,94,82,'322','2017-12-01 09:35:09'),(1847,97,82,'323','2017-12-01 09:35:20'),(1848,96,109,'423','2017-12-01 09:35:42'),(1849,94,86,'340','2017-12-01 09:35:43'),(1850,95,68,'267','2017-12-01 09:35:49'),(1851,97,83,'328','2017-12-01 09:36:30'),(1852,94,87,'344','2017-12-01 09:36:36'),(1853,94,89,'351','2017-12-01 09:37:05'),(1854,98,1,'112','2017-12-01 09:37:11'),(1855,97,86,'340,339','2017-12-01 09:37:34'),(1856,98,13,'52,49','2017-12-01 09:37:55'),(1857,95,73,'286','2017-12-01 09:37:59'),(1858,97,88,'348,345','2017-12-01 09:38:07'),(1859,94,90,'354','2017-12-01 09:38:21'),(1860,97,94,'371','2017-12-01 09:38:39'),(1861,98,14,'56','2017-12-01 09:38:48'),(1862,97,95,'374','2017-12-01 09:38:49'),(1863,97,99,'388','2017-12-01 09:39:09'),(1864,97,101,'396','2017-12-01 09:39:25'),(1865,94,93,'365','2017-12-01 09:39:26'),(1866,98,16,'61,64','2017-12-01 09:39:42'),(1867,97,102,'399,402','2017-12-01 09:39:49'),(1868,94,97,'380','2017-12-01 09:39:51'),(1869,98,28,'112','2017-12-01 09:39:53'),(1870,97,104,'408,407','2017-12-01 09:40:05'),(1871,98,29,'116','2017-12-01 09:40:14'),(1872,94,99,'390','2017-12-01 09:40:26'),(1873,98,31,'120','2017-12-01 09:40:27'),(1874,97,107,'417','2017-12-01 09:40:33'),(1875,95,74,'290','2017-12-01 09:40:35'),(1876,98,38,'150','2017-12-01 09:40:46'),(1877,98,39,'154','2017-12-01 09:41:08'),(1878,94,100,'392','2017-12-01 09:41:11'),(1879,98,50,'196','2017-12-01 09:41:23'),(1880,98,52,'204','2017-12-01 09:41:46'),(1881,94,103,'403,404','2017-12-01 09:41:51'),(1882,95,77,'301','2017-12-01 09:41:52'),(1883,98,53,'208','2017-12-01 09:42:00'),(1884,95,79,'309','2017-12-01 09:42:10'),(1885,94,104,'407','2017-12-01 09:42:27'),(1886,98,56,'221','2017-12-01 09:42:51'),(1887,94,105,'411','2017-12-01 09:42:51'),(1888,95,87,'344','2017-12-01 09:42:52'),(1889,98,58,'230','2017-12-01 09:43:15'),(1890,98,59,'233','2017-12-01 09:43:33'),(1891,98,62,'243','2017-12-01 09:43:54'),(1892,98,67,'263','2017-12-01 09:44:09'),(1893,98,70,'273','2017-12-01 09:44:29'),(1894,98,73,'286','2017-12-01 09:44:41'),(1895,95,88,'346','2017-12-01 09:44:44'),(1896,98,79,'309','2017-12-01 09:44:52'),(1897,98,83,'328','2017-12-01 09:45:09'),(1898,94,106,'414,416','2017-12-01 09:45:17'),(1899,98,87,'341','2017-12-01 09:46:14'),(1900,98,88,'346','2017-12-01 09:46:29'),(1901,98,89,'350','2017-12-01 09:46:48'),(1902,91,17,'65','2017-12-01 09:46:51'),(1903,98,91,'358','2017-12-01 09:47:00'),(1904,95,94,'371','2017-12-01 09:47:02'),(1905,98,93,'367','2017-12-01 09:47:30'),(1906,95,97,'380','2017-12-01 09:47:39'),(1907,98,97,'380','2017-12-01 09:47:57'),(1908,94,109,'424','2017-12-01 09:47:59'),(1909,98,99,'390','2017-12-01 09:48:31'),(1910,91,18,'70,72','2017-12-01 09:48:39'),(1911,98,106,'414','2017-12-01 09:49:16'),(1912,95,100,'393','2017-12-01 09:49:21'),(1913,98,108,'420','2017-12-01 09:49:33'),(1914,91,21,'82','2017-12-01 09:49:50'),(1915,95,103,'404,403','2017-12-01 09:50:14'),(1916,95,105,'411','2017-12-01 09:50:32'),(1917,91,22,'87','2017-12-01 09:51:00'),(1918,95,109,'424','2017-12-01 09:52:04'),(1919,91,23,'91','2017-12-01 09:52:33'),(1920,91,31,'120','2017-12-01 09:54:01'),(1921,91,36,'141','2017-12-01 09:54:27'),(1922,91,37,'145','2017-12-01 09:55:22'),(1923,91,42,'165','2017-12-01 09:56:00'),(1924,91,46,'181','2017-12-01 09:56:23'),(1925,91,59,'233','2017-12-01 09:57:20'),(1926,91,60,'236','2017-12-01 09:57:54'),(1927,91,68,'267','2017-12-01 09:58:38'),(1928,91,70,'272','2017-12-01 09:59:13'),(1929,91,71,'275,274','2017-12-01 10:00:05'),(1930,91,73,'286','2017-12-01 10:00:36'),(1931,91,74,'290','2017-12-01 10:01:04'),(1932,91,75,'295','2017-12-01 10:01:45'),(1933,91,78,'307','2017-12-01 10:02:00'),(1934,91,89,'352','2017-12-01 10:03:10'),(1935,91,90,'353','2017-12-01 10:03:24'),(1936,91,92,'361','2017-12-01 10:03:57'),(1937,91,98,'385','2017-12-01 10:04:19'),(1938,91,102,'399','2017-12-01 10:04:52'),(1939,100,8,'399','2017-12-01 12:42:05'),(1940,101,5,'73','2017-12-01 12:48:03'),(1941,79,61,'242','2017-12-04 12:32:52'),(1942,79,64,'251','2017-12-04 12:33:10'),(1943,103,1,'3','2017-12-04 12:33:23'),(1944,79,69,'270','2017-12-04 12:33:47'),(1945,79,70,'272','2017-12-04 12:33:58'),(1946,79,71,'275,274,278','2017-12-04 12:34:19'),(1947,103,3,'12','2017-12-04 12:34:34'),(1948,103,7,'27','2017-12-04 12:34:58'),(1949,79,72,'279,280,283','2017-12-04 12:35:15'),(1950,79,75,'295','2017-12-04 12:35:40'),(1951,79,78,'307','2017-12-04 12:36:06'),(1952,79,79,'309','2017-12-04 12:36:18'),(1953,79,81,'317','2017-12-04 12:37:12'),(1954,79,83,'317','2017-12-04 12:37:12'),(1955,103,9,'34','2017-12-04 12:37:19'),(1956,103,17,'34','2017-12-04 12:37:20'),(1957,103,18,'34','2017-12-04 12:37:28'),(1958,103,20,'34','2017-12-04 12:37:36'),(1959,103,34,'69','2017-12-04 12:38:08'),(1960,79,86,'340','2017-12-04 12:38:09'),(1961,79,93,'365','2017-12-04 12:38:28'),(1962,79,94,'371','2017-12-04 12:38:57'),(1963,79,96,'378','2017-12-04 12:39:25'),(1964,103,39,'153','2017-12-04 12:39:35'),(1965,103,47,'184','2017-12-04 12:40:02'),(1966,103,49,'194','2017-12-04 12:40:16'),(1967,79,103,'405,406','2017-12-04 12:40:48'),(1968,103,50,'196','2017-12-04 12:40:54'),(1969,79,108,'420','2017-12-04 12:41:01'),(1970,103,51,'201','2017-12-04 12:41:17'),(1971,103,53,'208','2017-12-04 12:42:01'),(1972,103,54,'213','2017-12-04 12:42:12'),(1973,106,5,'279,281','2017-12-04 12:42:19'),(1974,105,4,'294','2017-12-04 12:42:21'),(1975,104,8,'206','2017-12-04 12:42:23'),(1976,103,55,'219','2017-12-04 12:42:26'),(1977,103,58,'229','2017-12-04 12:43:02'),(1978,105,7,'28,27','2017-12-04 12:43:19'),(1979,104,12,'47','2017-12-04 12:43:22'),(1980,103,59,'232','2017-12-04 12:43:33'),(1981,106,6,'21,22','2017-12-04 12:43:37'),(1982,103,61,'241','2017-12-04 12:43:47'),(1983,105,11,'43','2017-12-04 12:44:36'),(1984,104,18,'69,70','2017-12-04 12:44:47'),(1985,103,63,'247','2017-12-04 12:44:53'),(1986,103,64,'251','2017-12-04 12:45:12'),(1987,105,12,'48,47','2017-12-04 12:45:16'),(1988,104,19,'73','2017-12-04 12:45:56'),(1989,104,23,'89,90,91','2017-12-04 12:46:08'),(1990,105,19,'73','2017-12-04 12:46:11'),(1991,103,67,'263','2017-12-04 12:46:14'),(1992,104,26,'104','2017-12-04 12:46:17'),(1993,103,74,'290','2017-12-04 12:46:32'),(1994,107,1,'3','2017-12-04 12:46:33'),(1995,104,28,'112','2017-12-04 12:46:38'),(1996,103,79,'309','2017-12-04 12:46:41'),(1997,107,5,'20','2017-12-04 12:46:48'),(1998,107,7,'25','2017-12-04 12:46:57'),(1999,107,9,'36','2017-12-04 12:47:19'),(2000,103,86,'338','2017-12-04 12:47:26'),(2001,106,13,'49','2017-12-04 12:47:32'),(2002,103,93,'365','2017-12-04 12:47:34'),(2003,105,21,'84,82','2017-12-04 12:47:35'),(2004,107,10,'39','2017-12-04 12:47:35'),(2005,104,29,'115','2017-12-04 12:47:40'),(2006,104,30,'115','2017-12-04 12:47:41'),(2007,107,12,'45','2017-12-04 12:47:46'),(2008,105,26,'104','2017-12-04 12:47:58'),(2009,106,16,'64,61,62','2017-12-04 12:48:08'),(2010,107,17,'68,65','2017-12-04 12:48:08'),(2011,107,24,'68,65','2017-12-04 12:48:08'),(2012,104,31,'120','2017-12-04 12:48:10'),(2013,103,94,'371','2017-12-04 12:48:15'),(2014,103,96,'378','2017-12-04 12:48:36'),(2015,107,25,'98','2017-12-04 12:48:40'),(2016,107,27,'106','2017-12-04 12:48:51'),(2017,105,27,'106','2017-12-04 12:48:53'),(2018,107,35,'137','2017-12-04 12:49:05'),(2019,105,30,'118','2017-12-04 12:49:13'),(2020,103,102,'399','2017-12-04 12:49:30'),(2021,105,36,'141','2017-12-04 12:49:39'),(2022,106,18,'72','2017-12-04 12:49:41'),(2023,103,103,'404,405','2017-12-04 12:50:34'),(2024,105,43,'171','2017-12-04 12:50:37'),(2025,107,43,'170','2017-12-04 12:50:42'),(2026,106,19,'75','2017-12-04 12:51:27'),(2027,104,33,'131','2017-12-04 12:51:27'),(2028,104,42,'165','2017-12-04 12:51:43'),(2029,105,44,'173','2017-12-04 12:51:45'),(2030,108,1,'173','2017-12-04 12:51:52'),(2031,104,43,'171','2017-12-04 12:51:57'),(2032,106,24,'95','2017-12-04 12:52:01'),(2033,106,26,'104','2017-12-04 12:52:10'),(2034,106,31,'120','2017-12-04 12:52:18'),(2035,107,44,'173','2017-12-04 12:52:28'),(2036,108,12,'47,46','2017-12-04 12:52:34'),(2037,106,34,'133','2017-12-04 12:52:37'),(2038,104,44,'175','2017-12-04 12:52:44'),(2039,108,23,'90','2017-12-04 12:52:50'),(2040,107,47,'184','2017-12-04 12:52:53'),(2041,105,45,'179','2017-12-04 12:52:54'),(2042,106,39,'154','2017-12-04 12:52:58'),(2043,107,49,'194','2017-12-04 12:52:58'),(2044,108,25,'98','2017-12-04 12:53:01'),(2045,104,46,'181','2017-12-04 12:53:06'),(2046,105,48,'188','2017-12-04 12:53:11'),(2047,106,40,'158','2017-12-04 12:53:16'),(2048,108,27,'106','2017-12-04 12:53:40'),(2049,106,41,'162','2017-12-04 12:53:46'),(2050,108,32,'126','2017-12-04 12:53:49'),(2051,105,51,'202','2017-12-04 12:54:00'),(2052,106,42,'165','2017-12-04 12:54:04'),(2053,108,33,'128','2017-12-04 12:54:05'),(2054,107,59,'232','2017-12-04 12:54:15'),(2055,104,50,'196','2017-12-04 12:54:16'),(2056,108,34,'133','2017-12-04 12:54:18'),(2057,107,62,'243','2017-12-04 12:54:21'),(2058,107,69,'270','2017-12-04 12:54:29'),(2059,104,51,'202','2017-12-04 12:54:31'),(2060,108,37,'145','2017-12-04 12:54:31'),(2061,108,44,'173','2017-12-04 12:54:39'),(2062,107,75,'294','2017-12-04 12:54:40'),(2063,108,47,'184','2017-12-04 12:54:44'),(2064,104,52,'206','2017-12-04 12:54:53'),(2065,108,49,'194','2017-12-04 12:54:53'),(2066,106,43,'170','2017-12-04 12:54:54'),(2067,104,54,'213','2017-12-04 12:55:02'),(2068,107,81,'317','2017-12-04 12:55:08'),(2069,107,85,'335','2017-12-04 12:55:14'),(2070,107,93,'367','2017-12-04 12:55:16'),(2071,106,52,'206','2017-12-04 12:55:29'),(2072,107,94,'371','2017-12-04 12:55:30'),(2073,107,97,'380','2017-12-04 12:55:33'),(2074,107,102,'402','2017-12-04 12:55:35'),(2075,107,103,'403','2017-12-04 12:55:37'),(2076,107,104,'408','2017-12-04 12:55:45'),(2077,107,105,'410','2017-12-04 12:55:48'),(2078,108,51,'202','2017-12-04 12:55:48'),(2079,107,106,'415','2017-12-04 12:55:52'),(2080,106,53,'211','2017-12-04 12:55:53'),(2081,104,72,'281,280,279','2017-12-04 12:55:58'),(2082,107,108,'420','2017-12-04 12:55:59'),(2083,105,56,'221','2017-12-04 12:56:01'),(2084,109,35,'422','2017-12-04 12:56:26'),(2085,106,60,'236','2017-12-04 12:56:37'),(2086,106,65,'256','2017-12-04 12:56:47'),(2087,104,73,'286','2017-12-04 12:56:47'),(2088,104,78,'307','2017-12-04 12:56:53'),(2089,108,53,'211','2017-12-04 12:57:01'),(2090,106,66,'261','2017-12-04 12:57:04'),(2091,104,81,'317','2017-12-04 12:57:04'),(2092,106,72,'281,279','2017-12-04 12:57:17'),(2093,108,59,'232','2017-12-04 12:57:30'),(2094,106,82,'322','2017-12-04 12:57:40'),(2095,104,84,'332','2017-12-04 12:57:46'),(2096,105,57,'224','2017-12-04 12:57:54'),(2097,108,60,'237','2017-12-04 12:58:00'),(2098,108,61,'242','2017-12-04 12:58:30'),(2099,108,62,'243','2017-12-04 12:58:38'),(2100,108,65,'256','2017-12-04 12:58:59'),(2101,104,85,'336','2017-12-04 12:59:00'),(2102,108,69,'268','2017-12-04 12:59:17'),(2103,108,73,'286','2017-12-04 12:59:38'),(2104,104,87,'342','2017-12-04 12:59:40'),(2105,108,77,'301','2017-12-04 12:59:48'),(2106,105,62,'244','2017-12-04 12:59:51'),(2107,108,79,'309','2017-12-04 12:59:56'),(2108,104,96,'378','2017-12-04 13:00:01'),(2109,105,65,'256','2017-12-04 13:00:09'),(2110,104,98,'378','2017-12-04 13:00:11'),(2111,104,105,'378','2017-12-04 13:00:11'),(2112,106,87,'344','2017-12-04 13:00:35'),(2113,105,68,'267','2017-12-04 13:00:36'),(2114,108,82,'322','2017-12-04 13:00:47'),(2115,106,90,'353','2017-12-04 13:00:56'),(2116,108,83,'328','2017-12-04 13:01:08'),(2117,104,106,'414','2017-12-04 13:01:10'),(2118,108,84,'332','2017-12-04 13:02:09'),(2119,105,70,'272','2017-12-04 13:02:21'),(2120,110,4,'378','2017-12-04 13:02:26'),(2121,110,6,'21','2017-12-04 13:02:42'),(2122,108,86,'340','2017-12-04 13:03:00'),(2123,111,3,'128','2017-12-04 13:03:01'),(2124,106,91,'359','2017-12-04 13:03:08'),(2125,108,98,'383','2017-12-04 13:03:24'),(2126,110,8,'29','2017-12-04 13:03:53'),(2127,111,7,'25,26,27','2017-12-04 13:04:04'),(2128,106,93,'365','2017-12-04 13:04:06'),(2129,108,103,'404,405','2017-12-04 13:04:16'),(2130,110,13,'49','2017-12-04 13:04:18'),(2131,106,94,'371','2017-12-04 13:04:22'),(2132,111,12,'45,46,47','2017-12-04 13:04:24'),(2133,108,106,'414','2017-12-04 13:04:34'),(2134,106,96,'378','2017-12-04 13:04:43'),(2135,111,16,'62,63,61','2017-12-04 13:04:46'),(2136,110,15,'57','2017-12-04 13:04:49'),(2137,106,97,'380','2017-12-04 13:05:01'),(2138,106,98,'385','2017-12-04 13:05:12'),(2139,111,18,'70,69','2017-12-04 13:05:15'),(2140,105,75,'294','2017-12-04 13:05:18'),(2141,110,18,'70,69','2017-12-04 13:05:19'),(2142,111,32,'126','2017-12-04 13:05:22'),(2143,111,33,'128','2017-12-04 13:05:42'),(2144,112,9,'238','2017-12-04 13:06:04'),(2145,111,34,'133','2017-12-04 13:06:05'),(2146,110,26,'104','2017-12-04 13:06:13'),(2147,109,2,'5','2017-12-04 13:06:15'),(2148,111,38,'150','2017-12-04 13:06:31'),(2149,112,10,'38','2017-12-04 13:06:44'),(2150,109,7,'28,25','2017-12-04 13:06:48'),(2151,113,1,'313','2017-12-04 13:06:49'),(2152,112,11,'42','2017-12-04 13:07:30'),(2153,113,2,'8,5','2017-12-04 13:07:38'),(2154,109,9,'33,36','2017-12-04 13:07:43'),(2155,110,29,'116','2017-12-04 13:07:49'),(2156,110,32,'126','2017-12-04 13:08:01'),(2157,112,13,'50','2017-12-04 13:08:02'),(2158,105,84,'332','2017-12-04 13:08:09'),(2159,113,7,'28,25','2017-12-04 13:08:16'),(2160,112,17,'66','2017-12-04 13:08:18'),(2161,109,10,'39','2017-12-04 13:08:24'),(2162,112,20,'79','2017-12-04 13:08:36'),(2163,109,11,'41','2017-12-04 13:08:42'),(2164,112,22,'87','2017-12-04 13:08:48'),(2165,109,13,'52','2017-12-04 13:09:01'),(2166,105,85,'335','2017-12-04 13:09:30'),(2167,110,34,'133','2017-12-04 13:09:34'),(2168,112,27,'107','2017-12-04 13:10:12'),(2169,112,32,'126','2017-12-04 13:10:20'),(2170,109,23,'91','2017-12-04 13:10:44'),(2171,109,29,'115','2017-12-04 13:10:56'),(2172,112,34,'133','2017-12-04 13:11:13'),(2173,105,86,'339','2017-12-04 13:11:15'),(2174,113,10,'39','2017-12-04 13:11:18'),(2175,112,36,'141','2017-12-04 13:11:23'),(2176,110,40,'158','2017-12-04 13:11:26'),(2177,109,31,'120','2017-12-04 13:11:26'),(2178,109,32,'126','2017-12-04 13:11:40'),(2179,112,43,'168','2017-12-04 13:11:42'),(2180,111,39,'154','2017-12-04 13:11:45'),(2181,112,47,'184','2017-12-04 13:11:52'),(2182,113,11,'42','2017-12-04 13:11:54'),(2183,112,49,'194','2017-12-04 13:11:59'),(2184,113,12,'47,45','2017-12-04 13:12:26'),(2185,111,57,'224','2017-12-04 13:12:42'),(2186,112,50,'196','2017-12-04 13:12:43'),(2187,109,33,'128','2017-12-04 13:12:54'),(2188,109,38,'128','2017-12-04 13:12:55'),(2189,112,52,'205','2017-12-04 13:12:59'),(2190,110,44,'173','2017-12-04 13:13:01'),(2191,113,29,'116','2017-12-04 13:13:05'),(2192,105,91,'358','2017-12-04 13:13:14'),(2193,113,32,'126','2017-12-04 13:13:24'),(2194,112,60,'236','2017-12-04 13:13:29'),(2195,105,95,'374','2017-12-04 13:13:32'),(2196,111,59,'232','2017-12-04 13:13:56'),(2197,105,100,'392','2017-12-04 13:14:17'),(2198,110,45,'177','2017-12-04 13:14:18'),(2199,112,62,'244','2017-12-04 13:14:25'),(2200,111,60,'236','2017-12-04 13:14:26'),(2201,111,65,'256','2017-12-04 13:14:40'),(2202,111,66,'259','2017-12-04 13:14:53'),(2203,112,63,'248','2017-12-04 13:14:55'),(2204,112,64,'251','2017-12-04 13:15:04'),(2205,113,33,'128','2017-12-04 13:15:10'),(2206,109,44,'173','2017-12-04 13:15:12'),(2207,111,70,'272','2017-12-04 13:15:20'),(2208,109,49,'194','2017-12-04 13:15:27'),(2209,110,49,'194','2017-12-04 13:15:31'),(2210,105,101,'396','2017-12-04 13:15:39'),(2211,111,74,'290','2017-12-04 13:15:47'),(2212,113,36,'141','2017-12-04 13:15:51'),(2213,109,50,'196,198','2017-12-04 13:15:55'),(2214,112,71,'274','2017-12-04 13:15:57'),(2215,109,53,'211','2017-12-04 13:16:02'),(2216,114,2,'232','2017-12-04 13:16:10'),(2217,109,54,'213','2017-12-04 13:16:11'),(2218,105,106,'414','2017-12-04 13:16:12'),(2219,110,51,'202','2017-12-04 13:16:21'),(2220,111,75,'293','2017-12-04 13:16:23'),(2221,111,81,'317','2017-12-04 13:16:26'),(2222,109,57,'226','2017-12-04 13:16:41'),(2223,111,83,'325','2017-12-04 13:16:42'),(2224,111,84,'332','2017-12-04 13:16:51'),(2225,112,78,'307','2017-12-04 13:17:01'),(2226,111,86,'340','2017-12-04 13:17:04'),(2227,114,5,'17','2017-12-04 13:17:08'),(2228,112,82,'322','2017-12-04 13:17:08'),(2229,110,54,'213','2017-12-04 13:17:10'),(2230,109,58,'229,230','2017-12-04 13:17:32'),(2231,112,90,'354','2017-12-04 13:17:39'),(2232,111,88,'345','2017-12-04 13:17:53'),(2233,110,62,'244','2017-12-04 13:18:00'),(2234,112,91,'358','2017-12-04 13:18:05'),(2235,112,93,'365','2017-12-04 13:18:16'),(2236,109,60,'238','2017-12-04 13:18:34'),(2237,113,39,'154','2017-12-04 13:18:37'),(2238,111,92,'364','2017-12-04 13:18:39'),(2239,112,101,'396','2017-12-04 13:18:42'),(2240,111,93,'365','2017-12-04 13:18:44'),(2241,109,66,'261','2017-12-04 13:18:47'),(2242,113,41,'163','2017-12-04 13:18:58'),(2243,112,102,'399','2017-12-04 13:19:05'),(2244,113,42,'165','2017-12-04 13:19:17'),(2245,111,97,'382','2017-12-04 13:19:22'),(2246,112,105,'410','2017-12-04 13:19:36'),(2247,110,63,'247','2017-12-04 13:19:40'),(2248,114,9,'33,34','2017-12-04 13:19:42'),(2249,113,44,'173','2017-12-04 13:19:43'),(2250,112,106,'414','2017-12-04 13:20:10'),(2251,111,98,'383','2017-12-04 13:20:16'),(2252,110,69,'268','2017-12-04 13:20:49'),(2253,113,45,'177','2017-12-04 13:21:04'),(2254,110,73,'286','2017-12-04 13:21:16'),(2255,113,48,'188','2017-12-04 13:21:16'),(2256,114,11,'43,41','2017-12-04 13:21:23'),(2257,111,99,'388','2017-12-04 13:21:29'),(2258,110,77,'301','2017-12-04 13:21:30'),(2259,113,49,'194','2017-12-04 13:21:54'),(2260,113,53,'211','2017-12-04 13:22:00'),(2261,115,1,'98','2017-12-04 13:22:11'),(2262,111,100,'392','2017-12-04 13:22:15'),(2263,109,81,'317','2017-12-04 13:22:19'),(2264,110,83,'326','2017-12-04 13:22:35'),(2265,113,57,'224','2017-12-04 13:22:45'),(2266,115,4,'15,14,13','2017-12-04 13:23:01'),(2267,114,14,'53,55','2017-12-04 13:23:10'),(2268,115,6,'22,21','2017-12-04 13:23:22'),(2269,111,102,'399','2017-12-04 13:23:24'),(2270,113,59,'233','2017-12-04 13:23:26'),(2271,109,85,'335','2017-12-04 13:23:34'),(2272,113,62,'243','2017-12-04 13:23:42'),(2273,113,65,'256','2017-12-04 13:23:47'),(2274,109,90,'353','2017-12-04 13:23:50'),(2275,113,70,'272','2017-12-04 13:23:53'),(2276,110,88,'345','2017-12-04 13:23:53'),(2277,114,16,'63,62,61','2017-12-04 13:24:33'),(2278,110,90,'354','2017-12-04 13:24:35'),(2279,113,71,'275','2017-12-04 13:24:54'),(2280,113,76,'300','2017-12-04 13:25:09'),(2281,113,80,'314','2017-12-04 13:25:14'),(2282,110,95,'374','2017-12-04 13:25:16'),(2283,109,101,'398','2017-12-04 13:25:51'),(2284,113,82,'322','2017-12-04 13:25:53'),(2285,114,20,'77,78','2017-12-04 13:26:01'),(2286,115,7,'27,25','2017-12-04 13:26:04'),(2287,113,85,'335','2017-12-04 13:26:07'),(2288,110,96,'378','2017-12-04 13:26:07'),(2289,109,102,'399,400','2017-12-04 13:26:30'),(2290,114,21,'82','2017-12-04 13:26:47'),(2291,110,98,'385','2017-12-04 13:26:52'),(2292,109,103,'404,403','2017-12-04 13:26:58'),(2293,115,8,'29','2017-12-04 13:27:12'),(2294,109,104,'408','2017-12-04 13:27:16'),(2295,113,88,'345','2017-12-04 13:27:26'),(2296,109,108,'420','2017-12-04 13:27:39'),(2297,110,102,'399','2017-12-04 13:28:15'),(2298,114,23,'89','2017-12-04 13:28:38'),(2299,110,108,'422','2017-12-04 13:29:09'),(2300,114,24,'95','2017-12-04 13:29:21'),(2301,116,17,'276,275','2017-12-04 13:29:48'),(2302,115,13,'51,52','2017-12-04 13:29:48'),(2303,113,108,'420','2017-12-04 13:29:49'),(2304,110,109,'424','2017-12-04 13:30:41'),(2305,116,18,'72,69','2017-12-04 13:31:19'),(2306,115,14,'55','2017-12-04 13:31:39'),(2307,117,2,'75','2017-12-04 13:31:50'),(2308,117,3,'11','2017-12-04 13:32:08'),(2309,116,19,'76','2017-12-04 13:32:25'),(2310,115,19,'74','2017-12-04 13:32:35'),(2311,114,37,'145','2017-12-04 13:33:02'),(2312,114,39,'154','2017-12-04 13:34:03'),(2313,117,4,'14,15,13,16','2017-12-04 13:34:41'),(2314,117,8,'29','2017-12-04 13:34:56'),(2315,114,43,'171','2017-12-04 13:35:09'),(2316,116,24,'95','2017-12-04 13:36:02'),(2317,115,20,'77','2017-12-04 13:36:03'),(2318,115,25,'98','2017-12-04 13:36:15'),(2319,117,9,'34,33,35','2017-12-04 13:36:26'),(2320,115,26,'104','2017-12-04 13:36:46'),(2321,114,45,'178','2017-12-04 13:36:55'),(2322,114,47,'184','2017-12-04 13:37:23'),(2323,115,35,'137','2017-12-04 13:37:32'),(2324,117,11,'43','2017-12-04 13:37:35'),(2325,115,36,'141','2017-12-04 13:37:56'),(2326,114,48,'188','2017-12-04 13:38:20'),(2327,115,41,'163','2017-12-04 13:38:21'),(2328,115,43,'171','2017-12-04 13:38:44'),(2329,114,49,'194','2017-12-04 13:38:48'),(2330,115,49,'194','2017-12-04 13:39:08'),(2331,115,53,'211','2017-12-04 13:39:22'),(2332,114,50,'196','2017-12-04 13:40:22'),(2333,117,12,'46,47','2017-12-04 13:41:26'),(2334,118,2,'286','2017-12-04 13:41:56'),(2335,115,62,'243','2017-12-04 13:42:15'),(2336,117,13,'52','2017-12-04 13:42:29'),(2337,115,68,'267','2017-12-04 13:42:30'),(2338,115,70,'272','2017-12-04 13:42:43'),(2339,118,5,'20,17,19','2017-12-04 13:43:05'),(2340,117,19,'75','2017-12-04 13:43:07'),(2341,117,24,'95','2017-12-04 13:43:27'),(2342,115,75,'294','2017-12-04 13:43:33'),(2343,114,58,'228','2017-12-04 13:43:49'),(2344,118,8,'29','2017-12-04 13:44:04'),(2345,117,29,'116','2017-12-04 13:44:19'),(2346,118,9,'34,33','2017-12-04 13:45:03'),(2347,117,30,'119','2017-12-04 13:45:07'),(2348,115,77,'301','2017-12-04 13:45:09'),(2349,114,59,'232','2017-12-04 13:45:21'),(2350,117,34,'133','2017-12-04 13:45:22'),(2351,115,82,'322','2017-12-04 13:45:39'),(2352,117,45,'177','2017-12-04 13:45:57'),(2353,117,46,'181','2017-12-04 13:46:29'),(2354,117,56,'221','2017-12-04 13:46:51'),(2355,118,13,'49,51,52','2017-12-04 13:46:56'),(2356,118,14,'53,55','2017-12-04 13:47:46'),(2357,115,87,'344','2017-12-04 13:48:05'),(2358,118,16,'61,62,63','2017-12-04 13:48:10'),(2359,115,90,'353','2017-12-04 13:48:28'),(2360,118,31,'120','2017-12-04 13:48:34'),(2361,118,32,'126','2017-12-04 13:48:40'),(2362,114,63,'247','2017-12-04 13:48:41'),(2363,114,64,'251','2017-12-04 13:48:49'),(2364,118,43,'171','2017-12-04 13:48:50'),(2365,118,44,'173','2017-12-04 13:49:41'),(2366,114,77,'301','2017-12-04 13:49:56'),(2367,118,45,'177','2017-12-04 13:50:19'),(2368,118,46,'181','2017-12-04 13:50:44'),(2369,117,57,'224','2017-12-04 13:51:15'),(2370,114,79,'309','2017-12-04 13:51:26'),(2371,118,51,'202','2017-12-04 13:51:48'),(2372,117,63,'247','2017-12-04 13:52:40'),(2373,118,52,'205','2017-12-04 13:52:44'),(2374,115,92,'361','2017-12-04 13:52:54'),(2375,117,67,'263','2017-12-04 13:52:56'),(2376,118,53,'208','2017-12-04 13:52:56'),(2377,118,56,'221','2017-12-04 13:53:12'),(2378,117,68,'267','2017-12-04 13:53:14'),(2379,118,58,'230','2017-12-04 13:53:34'),(2380,117,77,'301','2017-12-04 13:53:41'),(2381,118,60,'236','2017-12-04 13:53:56'),(2382,117,79,'309','2017-12-04 13:53:57'),(2383,117,81,'317','2017-12-04 13:54:09'),(2384,118,61,'242','2017-12-04 13:54:10'),(2385,118,65,'256','2017-12-04 13:54:21'),(2386,118,73,'286','2017-12-04 13:54:32'),(2387,117,83,'328','2017-12-04 13:54:33'),(2388,115,99,'390','2017-12-04 13:54:34'),(2389,118,77,'301','2017-12-04 13:54:45'),(2390,117,88,'345','2017-12-04 13:55:19'),(2391,118,88,'345','2017-12-04 13:55:24'),(2392,117,95,'374','2017-12-04 13:55:28'),(2393,117,98,'385','2017-12-04 13:55:35'),(2394,118,89,'349','2017-12-04 13:55:54'),(2395,117,104,'407','2017-12-04 13:56:11'),(2396,117,106,'414','2017-12-04 13:56:29'),(2397,118,91,'359','2017-12-04 13:56:35'),(2398,118,94,'371','2017-12-04 13:56:49'),(2399,118,96,'378','2017-12-04 13:57:04'),(2400,115,103,'404','2017-12-04 13:57:33'),(2401,118,101,'395','2017-12-04 13:57:55'),(2402,117,107,'417','2017-12-04 13:58:09'),(2403,114,84,'332','2017-12-04 13:58:33'),(2404,115,104,'407','2017-12-04 13:58:34'),(2405,118,103,'406,403','2017-12-04 13:58:45'),(2406,115,106,'414','2017-12-04 13:59:01'),(2407,114,87,'344','2017-12-04 13:59:12'),(2408,114,89,'350','2017-12-04 14:00:28'),(2409,114,90,'354','2017-12-04 14:01:57'),(2410,114,95,'374','2017-12-04 14:02:40'),(2411,114,103,'403,404','2017-12-04 14:04:33'),(2412,121,6,'163','2017-12-07 11:06:24'),(2413,120,1,'51,52,49','2017-12-07 11:07:23'),(2414,121,8,'30','2017-12-07 11:07:26'),(2415,121,12,'48','2017-12-07 11:07:41'),(2416,120,2,'6,5','2017-12-07 11:07:51'),(2417,120,13,'49,51,52','2017-12-07 11:08:28'),(2418,121,13,'50,52','2017-12-07 11:08:32'),(2419,121,18,'70,69','2017-12-07 11:08:49'),(2420,120,22,'86','2017-12-07 11:08:58'),(2421,121,20,'77','2017-12-07 11:09:01'),(2422,121,22,'87','2017-12-07 11:09:12'),(2423,121,24,'95','2017-12-07 11:09:18'),(2424,121,28,'112','2017-12-07 11:09:26'),(2425,121,34,'133','2017-12-07 11:09:34'),(2426,121,35,'139','2017-12-07 11:09:48'),(2427,121,40,'158','2017-12-07 11:09:56'),(2428,121,41,'163','2017-12-07 11:10:02'),(2429,121,44,'173','2017-12-07 11:10:06'),(2430,120,23,'89,91,92,90','2017-12-07 11:10:08'),(2431,121,45,'179','2017-12-07 11:10:12'),(2432,121,50,'196','2017-12-07 11:10:18'),(2433,121,53,'211','2017-12-07 11:10:28'),(2434,121,54,'213','2017-12-07 11:10:39'),(2435,121,64,'251','2017-12-07 11:10:49'),(2436,121,68,'267','2017-12-07 11:11:08'),(2437,121,70,'272','2017-12-07 11:11:15'),(2438,121,71,'274,277,276','2017-12-07 11:11:29'),(2439,121,73,'286','2017-12-07 11:11:35'),(2440,120,26,'101','2017-12-07 11:11:45'),(2441,121,75,'295','2017-12-07 11:11:50'),(2442,121,76,'300','2017-12-07 11:11:56'),(2443,121,78,'307','2017-12-07 11:12:03'),(2444,121,84,'331,332,330','2017-12-07 11:12:37'),(2445,121,95,'374','2017-12-07 11:12:41'),(2446,120,30,'119','2017-12-07 11:12:52'),(2447,121,99,'388','2017-12-07 11:13:03'),(2448,121,102,'399','2017-12-07 11:13:13'),(2449,120,31,'120','2017-12-07 11:13:16'),(2450,120,32,'126','2017-12-07 11:13:21'),(2451,120,39,'154','2017-12-07 11:15:05'),(2452,120,44,'173','2017-12-07 11:15:25'),(2453,120,46,'181','2017-12-07 11:15:31'),(2454,120,50,'198','2017-12-07 11:15:39'),(2455,120,53,'211','2017-12-07 11:15:52'),(2456,123,2,'396','2017-12-07 11:16:53'),(2457,120,55,'219,218,216','2017-12-07 11:17:05'),(2458,123,8,'32','2017-12-07 11:17:10'),(2459,120,57,'226','2017-12-07 11:17:35'),(2460,123,13,'52,49,51','2017-12-07 11:17:46'),(2461,120,58,'228','2017-12-07 11:17:59'),(2462,123,17,'68,65,67','2017-12-07 11:18:08'),(2463,123,23,'90','2017-12-07 11:18:16'),(2464,123,26,'104','2017-12-07 11:18:55'),(2465,123,29,'114','2017-12-07 11:19:16'),(2466,123,30,'117','2017-12-07 11:19:28'),(2467,123,34,'133','2017-12-07 11:19:34'),(2468,123,36,'141','2017-12-07 11:19:43'),(2469,120,61,'242','2017-12-07 11:20:15'),(2470,123,38,'150','2017-12-07 11:20:27'),(2471,123,39,'155','2017-12-07 11:20:37'),(2472,123,40,'158','2017-12-07 11:20:41'),(2473,123,44,'173','2017-12-07 11:20:47'),(2474,123,46,'181','2017-12-07 11:20:57'),(2475,120,63,'248','2017-12-07 11:21:16'),(2476,123,49,'194','2017-12-07 11:21:23'),(2477,123,56,'220','2017-12-07 11:21:56'),(2478,123,59,'232','2017-12-07 11:22:26'),(2479,123,62,'243','2017-12-07 11:22:43'),(2480,123,64,'251','2017-12-07 11:22:53'),(2481,123,70,'272','2017-12-07 11:23:01'),(2482,123,77,'301','2017-12-07 11:23:13'),(2483,123,89,'350','2017-12-07 11:23:33'),(2484,123,92,'363','2017-12-07 11:24:05'),(2485,120,74,'291','2017-12-07 11:24:08'),(2486,123,97,'382','2017-12-07 11:24:20'),(2487,120,76,'300','2017-12-07 11:24:25'),(2488,123,98,'383','2017-12-07 11:24:35'),(2489,120,78,'307','2017-12-07 11:24:38'),(2490,123,99,'387','2017-12-07 11:24:46'),(2491,123,101,'396','2017-12-07 11:24:55'),(2492,123,102,'399','2017-12-07 11:25:11'),(2493,123,109,'423','2017-12-07 11:26:20'),(2494,120,82,'321,322','2017-12-07 11:26:25'),(2495,120,83,'327','2017-12-07 11:27:30'),(2496,120,85,'336','2017-12-07 11:28:45'),(2497,120,86,'339','2017-12-07 11:29:48'),(2498,120,87,'344','2017-12-07 11:30:51'),(2499,120,92,'364','2017-12-07 11:33:37'),(2500,120,103,'404,405','2017-12-07 11:35:28'),(2501,120,104,'408','2017-12-07 11:35:43'),(2502,100,10,'39','2017-12-08 09:41:50'),(2503,100,19,'74','2017-12-08 09:42:43'),(2504,100,22,'87','2017-12-08 09:43:05'),(2505,100,23,'91','2017-12-08 09:43:35'),(2506,125,3,'222','2017-12-08 09:44:25'),(2507,100,25,'98','2017-12-08 09:44:32'),(2508,125,4,'16,14,15,13','2017-12-08 09:44:53'),(2509,100,26,'101','2017-12-08 09:45:06'),(2510,100,27,'107','2017-12-08 09:45:28'),(2511,125,10,'37,38,40','2017-12-08 09:45:48'),(2512,100,28,'109','2017-12-08 09:45:50'),(2513,100,32,'126','2017-12-08 09:47:10'),(2514,100,34,'133','2017-12-08 09:47:34'),(2515,125,14,'53,54','2017-12-08 09:47:41'),(2516,125,20,'80','2017-12-08 09:48:18'),(2517,125,22,'87','2017-12-08 09:48:33'),(2518,100,36,'141','2017-12-08 09:48:43'),(2519,125,24,'95','2017-12-08 09:49:01'),(2520,100,37,'145','2017-12-08 09:49:09'),(2521,125,27,'107','2017-12-08 09:49:34'),(2522,125,28,'112','2017-12-08 09:49:44'),(2523,100,38,'150','2017-12-08 09:50:26'),(2524,125,31,'120','2017-12-08 09:50:51'),(2525,125,38,'150','2017-12-08 09:51:11'),(2526,100,46,'181','2017-12-08 09:51:27'),(2527,125,42,'165','2017-12-08 09:51:58'),(2528,125,44,'172','2017-12-08 09:52:52'),(2529,100,47,'184','2017-12-08 09:52:52'),(2530,125,45,'177','2017-12-08 09:53:06'),(2531,100,48,'188','2017-12-08 09:53:07'),(2532,125,56,'222','2017-12-08 09:53:56'),(2533,125,57,'226','2017-12-08 09:54:09'),(2534,100,58,'227','2017-12-08 09:54:12'),(2535,100,59,'233','2017-12-08 09:55:02'),(2536,125,59,'232','2017-12-08 09:55:07'),(2537,125,60,'235','2017-12-08 09:55:50'),(2538,100,64,'253','2017-12-08 09:55:52'),(2539,125,68,'267','2017-12-08 09:57:04'),(2540,125,76,'300','2017-12-08 09:57:20'),(2541,125,79,'309','2017-12-08 09:57:29'),(2542,125,83,'326','2017-12-08 09:58:02'),(2543,100,66,'260','2017-12-08 09:58:35'),(2544,100,69,'268','2017-12-08 09:58:50'),(2545,125,84,'332,330','2017-12-08 09:59:57'),(2546,125,85,'335','2017-12-08 10:01:00'),(2547,125,91,'358','2017-12-08 10:01:12'),(2548,100,75,'294','2017-12-08 10:01:26'),(2549,125,98,'383','2017-12-08 10:01:30'),(2550,125,105,'410','2017-12-08 10:01:43'),(2551,125,107,'417','2017-12-08 10:02:04'),(2552,125,108,'420','2017-12-08 10:02:14'),(2553,100,80,'314','2017-12-08 10:02:29'),(2554,125,109,'425','2017-12-08 10:02:41'),(2555,100,81,'317','2017-12-08 10:02:45'),(2556,100,83,'328','2017-12-08 10:03:39'),(2557,100,84,'332','2017-12-08 10:04:47'),(2558,100,100,'392','2017-12-08 10:05:26'),(2559,100,102,'402','2017-12-08 10:05:34'),(2560,100,105,'412,411','2017-12-08 10:06:32'),(2561,127,10,'121','2017-12-08 12:34:10'),(2562,128,5,'119','2017-12-08 12:35:08'),(2563,127,14,'55','2017-12-08 12:35:15'),(2564,127,20,'77','2017-12-08 12:35:31'),(2565,127,26,'104','2017-12-08 12:35:55'),(2566,127,27,'107','2017-12-08 12:36:31'),(2567,127,29,'114','2017-12-08 12:37:21'),(2568,127,31,'120','2017-12-08 12:37:51'),(2569,128,6,'21','2017-12-08 12:38:23'),(2570,129,2,'72','2017-12-08 12:38:30'),(2571,127,33,'128','2017-12-08 12:38:51'),(2572,129,6,'21','2017-12-08 12:39:19'),(2573,127,37,'144','2017-12-08 12:39:45'),(2574,129,7,'28','2017-12-08 12:40:07'),(2575,128,15,'60','2017-12-08 12:40:13'),(2576,127,38,'148','2017-12-08 12:40:56'),(2577,129,10,'37,40,39','2017-12-08 12:41:08'),(2578,129,18,'72','2017-12-08 12:41:27'),(2579,127,39,'153','2017-12-08 12:41:35'),(2580,129,19,'73','2017-12-08 12:41:43'),(2581,129,30,'119','2017-12-08 12:42:02'),(2582,127,41,'161','2017-12-08 12:42:35'),(2583,129,33,'128','2017-12-08 12:42:36'),(2584,129,34,'133','2017-12-08 12:42:49'),(2585,129,45,'179','2017-12-08 12:43:09'),(2586,127,44,'175','2017-12-08 12:43:30'),(2587,127,45,'177','2017-12-08 12:43:43'),(2588,129,47,'184','2017-12-08 12:43:58'),(2589,127,47,'184','2017-12-08 12:44:07'),(2590,127,49,'194','2017-12-08 12:45:30'),(2591,129,50,'196','2017-12-08 12:45:45'),(2592,129,51,'203','2017-12-08 12:46:20'),(2593,129,53,'203','2017-12-08 12:46:28'),(2594,127,65,'256','2017-12-08 12:46:31'),(2595,128,17,'65,67','2017-12-08 12:46:43'),(2596,127,68,'267','2017-12-08 12:47:10'),(2597,129,54,'214','2017-12-08 12:47:43'),(2598,129,58,'227','2017-12-08 12:48:13'),(2599,128,19,'75','2017-12-08 12:48:35'),(2600,129,59,'232','2017-12-08 12:48:39'),(2601,127,71,'277,276,274','2017-12-08 12:49:14'),(2602,129,60,'235','2017-12-08 12:49:35'),(2603,129,68,'267','2017-12-08 12:49:47'),(2604,127,74,'290','2017-12-08 12:49:49'),(2605,129,73,'286','2017-12-08 12:50:11'),(2606,129,75,'293','2017-12-08 12:50:36'),(2607,129,78,'307','2017-12-08 12:50:48'),(2608,129,79,'309','2017-12-08 12:51:11'),(2609,127,77,'301','2017-12-08 12:51:18'),(2610,127,78,'307','2017-12-08 12:51:27'),(2611,129,80,'314','2017-12-08 12:51:33'),(2612,127,80,'314','2017-12-08 12:51:50'),(2613,129,87,'344','2017-12-08 12:52:14'),(2614,129,91,'360,359','2017-12-08 12:52:49'),(2615,129,92,'364','2017-12-08 12:53:19'),(2616,128,25,'98','2017-12-08 12:53:27'),(2617,128,30,'119','2017-12-08 12:53:35'),(2618,127,86,'339','2017-12-08 12:54:25'),(2619,129,94,'371','2017-12-08 12:54:25'),(2620,128,34,'133','2017-12-08 12:54:36'),(2621,127,87,'344','2017-12-08 12:55:24'),(2622,129,101,'396','2017-12-08 12:56:11'),(2623,128,37,'146','2017-12-08 12:56:23'),(2624,129,105,'411,410','2017-12-08 12:56:34'),(2625,127,88,'345','2017-12-08 12:57:13'),(2626,127,94,'371','2017-12-08 12:58:09'),(2627,128,40,'158','2017-12-08 12:58:46'),(2628,127,100,'392','2017-12-08 12:58:58'),(2629,128,42,'165','2017-12-08 12:59:36'),(2630,127,105,'412','2017-12-08 13:00:07'),(2631,128,43,'171','2017-12-08 13:00:44'),(2632,127,109,'425','2017-12-08 13:01:39'),(2633,128,44,'173','2017-12-08 13:02:03'),(2634,130,8,'128','2017-12-08 13:04:00'),(2635,130,10,'38,39','2017-12-08 13:06:00'),(2636,128,45,'177','2017-12-08 13:06:42'),(2637,130,13,'49,51,52','2017-12-08 13:07:28'),(2638,128,48,'188','2017-12-08 13:07:55'),(2639,130,16,'63,61,62','2017-12-08 13:08:08'),(2640,130,25,'98','2017-12-08 13:09:42'),(2641,128,51,'201','2017-12-08 13:10:26'),(2642,130,26,'104','2017-12-08 13:10:30'),(2643,130,27,'107','2017-12-08 13:10:52'),(2644,130,32,'126','2017-12-08 13:11:29'),(2645,128,65,'256','2017-12-08 13:11:51'),(2646,130,33,'128,129','2017-12-08 13:12:25'),(2647,130,36,'141','2017-12-08 13:13:46'),(2648,128,69,'268','2017-12-08 13:14:04'),(2649,130,40,'158','2017-12-08 13:14:51'),(2650,128,74,'290','2017-12-08 13:15:21'),(2651,128,75,'294','2017-12-08 13:15:41'),(2652,130,42,'165','2017-12-08 13:15:49'),(2653,128,76,'300','2017-12-08 13:15:54'),(2654,128,77,'301','2017-12-08 13:16:08'),(2655,130,43,'171','2017-12-08 13:16:31'),(2656,131,1,'411,410','2017-12-08 13:16:34'),(2657,130,49,'194','2017-12-08 13:16:35'),(2658,131,2,'396','2017-12-08 13:16:36'),(2659,131,5,'371','2017-12-08 13:16:38'),(2660,131,21,'364','2017-12-08 13:16:42'),(2661,131,23,'360,359','2017-12-08 13:16:43'),(2662,131,26,'344','2017-12-08 13:16:44'),(2663,130,51,'200','2017-12-08 13:17:30'),(2664,130,56,'222','2017-12-08 13:17:53'),(2665,128,84,'329','2017-12-08 13:17:55'),(2666,130,61,'242','2017-12-08 13:18:23'),(2667,128,88,'348','2017-12-08 13:18:55'),(2668,130,64,'253','2017-12-08 13:18:59'),(2669,130,65,'256','2017-12-08 13:19:05'),(2670,128,90,'354','2017-12-08 13:20:10'),(2671,130,66,'260','2017-12-08 13:20:10'),(2672,130,69,'268','2017-12-08 13:20:22'),(2673,128,91,'359','2017-12-08 13:20:32'),(2674,128,95,'374','2017-12-08 13:20:37'),(2675,128,100,'392','2017-12-08 13:21:01'),(2676,130,72,'279,280,281','2017-12-08 13:21:29'),(2677,128,101,'396','2017-12-08 13:21:33'),(2678,130,77,'301','2017-12-08 13:21:45'),(2679,128,106,'414','2017-12-08 13:21:50'),(2680,130,79,'311,310','2017-12-08 13:21:56'),(2681,130,87,'344','2017-12-08 13:22:33'),(2682,130,94,'371','2017-12-08 13:22:44'),(2683,130,96,'378','2017-12-08 13:23:08'),(2684,130,97,'382','2017-12-08 13:23:14'),(2685,130,107,'417','2017-12-08 13:23:34'),(2686,130,108,'420','2017-12-08 13:23:46'),(2687,132,2,'340','2017-12-11 13:05:04'),(2688,132,3,'9,12,10','2017-12-11 13:05:32'),(2689,132,6,'22,21','2017-12-11 13:06:21'),(2690,132,12,'45,47,46','2017-12-11 13:06:39'),(2691,132,14,'53,55','2017-12-11 13:07:27'),(2692,132,16,'62,63,61','2017-12-11 13:08:03'),(2693,132,18,'69,70','2017-12-11 13:08:24'),(2694,132,19,'76','2017-12-11 13:08:47'),(2695,132,23,'90','2017-12-11 13:08:54'),(2696,132,27,'107','2017-12-11 13:09:47'),(2697,132,30,'119','2017-12-11 13:09:58'),(2698,132,31,'120','2017-12-11 13:10:01'),(2699,132,33,'130','2017-12-11 13:11:04'),(2700,132,34,'133','2017-12-11 13:11:54'),(2701,132,39,'155','2017-12-11 13:12:27'),(2702,132,44,'173','2017-12-11 13:12:31'),(2703,132,52,'205','2017-12-11 13:12:42'),(2704,132,53,'211','2017-12-11 13:12:46'),(2705,132,55,'216,218','2017-12-11 13:14:21'),(2706,132,56,'221','2017-12-11 13:14:34'),(2707,132,58,'229','2017-12-11 13:15:02'),(2708,116,27,'107','2017-12-11 13:15:02'),(2709,132,68,'267','2017-12-11 13:15:14'),(2710,116,33,'130','2017-12-11 13:15:48'),(2711,116,34,'133','2017-12-11 13:16:02'),(2712,116,35,'137','2017-12-11 13:16:23'),(2713,116,40,'158','2017-12-11 13:16:39'),(2714,116,41,'161','2017-12-11 13:17:25'),(2715,116,54,'213','2017-12-11 13:17:48'),(2716,116,64,'213','2017-12-11 13:18:07'),(2717,132,71,'276,274,277','2017-12-11 13:18:08'),(2718,132,76,'300','2017-12-11 13:18:37'),(2719,116,68,'267','2017-12-11 13:19:01'),(2720,132,86,'340','2017-12-11 13:19:02'),(2721,132,89,'351','2017-12-11 13:19:06'),(2722,116,69,'268','2017-12-11 13:19:20'),(2723,132,94,'370','2017-12-11 13:19:32'),(2724,132,97,'380','2017-12-11 13:19:35'),(2725,116,71,'277,276,274','2017-12-11 13:19:49'),(2726,132,100,'392','2017-12-11 13:19:49'),(2727,132,106,'414','2017-12-11 13:19:57'),(2728,116,72,'283,279,280,281','2017-12-11 13:20:02'),(2729,116,73,'286','2017-12-11 13:20:35'),(2730,116,74,'290','2017-12-11 13:20:43'),(2731,116,76,'300','2017-12-11 13:20:51'),(2732,116,80,'314','2017-12-11 13:21:52'),(2733,116,81,'317','2017-12-11 13:22:34'),(2734,116,84,'332','2017-12-11 13:23:40'),(2735,133,10,'76','2017-12-11 13:24:44'),(2736,116,87,'342','2017-12-11 13:25:55'),(2737,133,12,'47,45,46','2017-12-11 13:27:56'),(2738,116,93,'365','2017-12-11 13:28:05'),(2739,133,15,'57','2017-12-11 13:28:08'),(2740,116,94,'371','2017-12-11 13:28:32'),(2741,116,95,'374','2017-12-11 13:29:43'),(2742,116,100,'393','2017-12-11 13:30:32'),(2743,133,18,'70,69','2017-12-11 13:31:21'),(2744,116,103,'403,404','2017-12-11 13:31:43'),(2745,116,104,'407','2017-12-11 13:32:09'),(2746,116,109,'423','2017-12-11 13:32:35'),(2747,133,19,'76','2017-12-11 13:37:04'),(2748,133,20,'77,78','2017-12-11 13:38:08'),(2749,134,5,'19,20,17','2017-12-11 13:38:27'),(2750,134,8,'29','2017-12-11 13:38:42'),(2751,134,14,'53,55','2017-12-11 13:39:24'),(2752,133,22,'87','2017-12-11 13:39:40'),(2753,134,23,'90','2017-12-11 13:39:41'),(2754,134,24,'95','2017-12-11 13:39:50'),(2755,133,23,'90','2017-12-11 13:39:55'),(2756,134,25,'98','2017-12-11 13:40:04'),(2757,134,29,'116','2017-12-11 13:40:21'),(2758,134,37,'146','2017-12-11 13:40:41'),(2759,133,24,'95','2017-12-11 13:41:36'),(2760,134,38,'150','2017-12-11 13:41:43'),(2761,133,25,'98','2017-12-11 13:42:22'),(2762,134,50,'196','2017-12-11 13:42:51'),(2763,134,53,'211','2017-12-11 13:43:55'),(2764,134,55,'219,218,216','2017-12-11 13:44:23'),(2765,134,57,'224','2017-12-11 13:44:40'),(2766,134,58,'228','2017-12-11 13:45:08'),(2767,134,61,'239','2017-12-11 13:45:31'),(2768,134,65,'256','2017-12-11 13:45:40'),(2769,134,72,'279,281,283,280','2017-12-11 13:46:01'),(2770,134,73,'286','2017-12-11 13:46:12'),(2771,134,81,'317','2017-12-11 13:46:25'),(2772,134,82,'322','2017-12-11 13:47:29'),(2773,135,1,'61,62,63','2017-12-11 13:47:43'),(2774,134,91,'358','2017-12-11 13:47:55'),(2775,133,29,'116','2017-12-11 13:48:24'),(2776,133,31,'120','2017-12-11 13:48:29'),(2777,80,17,'65','2017-12-11 13:48:40'),(2778,134,93,'365','2017-12-11 13:48:42'),(2779,134,95,'374','2017-12-11 13:48:51'),(2780,134,96,'378','2017-12-11 13:49:30'),(2781,80,22,'86','2017-12-11 13:49:42'),(2782,135,3,'10,9,12,11','2017-12-11 13:49:43'),(2783,80,26,'104','2017-12-11 13:49:59'),(2784,134,98,'385','2017-12-11 13:50:12'),(2785,135,4,'14,15,13','2017-12-11 13:50:33'),(2786,80,37,'145','2017-12-11 13:50:39'),(2787,134,99,'389','2017-12-11 13:50:48'),(2788,136,12,'77','2017-12-11 13:51:38'),(2789,135,11,'41,43','2017-12-11 13:51:42'),(2790,134,101,'398','2017-12-11 13:51:44'),(2791,136,15,'59','2017-12-11 13:51:59'),(2792,135,15,'57','2017-12-11 13:52:13'),(2793,133,39,'155','2017-12-11 13:52:21'),(2794,80,39,'153,155,152','2017-12-11 13:52:22'),(2795,134,102,'399','2017-12-11 13:52:24'),(2796,133,42,'165','2017-12-11 13:52:28'),(2797,133,49,'194','2017-12-11 13:52:30'),(2798,80,48,'188','2017-12-11 13:52:40'),(2799,134,104,'407','2017-12-11 13:52:45'),(2800,80,53,'208','2017-12-11 13:53:49'),(2801,133,55,'216,218,219','2017-12-11 13:53:52'),(2802,135,16,'61,63,62','2017-12-11 13:53:57'),(2803,134,105,'411','2017-12-11 13:53:57'),(2804,133,61,'239','2017-12-11 13:54:05'),(2805,80,56,'221','2017-12-11 13:54:33'),(2806,135,19,'75','2017-12-11 13:54:34'),(2807,135,20,'78,77','2017-12-11 13:54:46'),(2808,135,22,'87','2017-12-11 13:54:54'),(2809,135,34,'87','2017-12-11 13:58:44'),(2810,80,61,'242','2017-12-11 13:59:50'),(2811,133,72,'281,283,280,279','2017-12-11 13:59:50'),(2812,135,35,'137','2017-12-11 13:59:54'),(2813,133,80,'314','2017-12-11 13:59:58'),(2814,133,81,'317','2017-12-11 14:00:02'),(2815,80,65,'255','2017-12-11 14:00:07'),(2816,135,40,'158','2017-12-11 14:00:17'),(2817,133,82,'322','2017-12-11 14:00:18'),(2818,136,17,'66,65,67','2017-12-11 14:00:23'),(2819,133,88,'345','2017-12-11 14:00:28'),(2820,133,89,'351','2017-12-11 14:00:30'),(2821,135,51,'202','2017-12-11 14:00:32'),(2822,133,91,'358','2017-12-11 14:00:45'),(2823,135,52,'205','2017-12-11 14:00:50'),(2824,135,55,'218,216,219','2017-12-11 14:01:14'),(2825,135,56,'221','2017-12-11 14:01:23'),(2826,133,92,'361','2017-12-11 14:01:24'),(2827,135,63,'248','2017-12-11 14:01:53'),(2828,133,94,'361','2017-12-11 14:01:55'),(2829,80,68,'266','2017-12-11 14:01:56'),(2830,136,19,'73','2017-12-11 14:01:56'),(2831,133,98,'371','2017-12-11 14:02:08'),(2832,133,99,'389','2017-12-11 14:02:12'),(2833,135,66,'259','2017-12-11 14:02:24'),(2834,133,100,'392','2017-12-11 14:02:26'),(2835,80,70,'273','2017-12-11 14:02:36'),(2836,133,105,'411','2017-12-11 14:03:03'),(2837,135,76,'300','2017-12-11 14:03:22'),(2838,135,79,'309','2017-12-11 14:03:30'),(2839,80,73,'286','2017-12-11 14:03:31'),(2840,136,20,'77','2017-12-11 14:03:34'),(2841,136,23,'90','2017-12-11 14:03:49'),(2842,135,84,'332','2017-12-11 14:04:06'),(2843,80,74,'290','2017-12-11 14:04:15'),(2844,136,28,'112','2017-12-11 14:04:31'),(2845,136,32,'126','2017-12-11 14:06:18'),(2846,80,76,'300','2017-12-11 14:06:31'),(2847,135,85,'335','2017-12-11 14:06:41'),(2848,136,35,'139','2017-12-11 14:06:44'),(2849,135,88,'345','2017-12-11 14:06:50'),(2850,135,91,'359','2017-12-11 14:07:58'),(2851,80,80,'314','2017-12-11 14:08:00'),(2852,136,37,'145','2017-12-11 14:08:06'),(2853,135,93,'365','2017-12-11 14:08:06'),(2854,135,99,'387','2017-12-11 14:08:19'),(2855,135,100,'392','2017-12-11 14:08:35'),(2856,135,101,'396','2017-12-11 14:08:47'),(2857,135,104,'407','2017-12-11 14:09:03'),(2858,135,108,'420','2017-12-11 14:09:06'),(2859,80,81,'317','2017-12-11 14:09:08'),(2860,80,87,'344','2017-12-11 14:09:47'),(2861,80,91,'358','2017-12-11 14:10:48'),(2862,80,93,'365','2017-12-11 14:12:01'),(2863,80,103,'404,403','2017-12-11 14:12:28'),(2864,80,106,'414','2017-12-11 14:13:41'),(2865,122,2,'8,6','2017-12-14 10:47:36'),(2866,122,4,'13,16,15','2017-12-14 10:48:03'),(2867,138,8,'272','2017-12-14 10:48:53'),(2868,122,6,'21','2017-12-14 10:49:12'),(2869,122,7,'27,28','2017-12-14 10:49:48'),(2870,122,12,'45,48','2017-12-14 10:51:13'),(2871,122,14,'54,53','2017-12-14 10:51:40'),(2872,122,16,'61','2017-12-14 10:52:04'),(2873,138,9,'33,36','2017-12-14 10:52:15'),(2874,122,20,'77','2017-12-14 10:52:24'),(2875,139,1,'333,335','2017-12-14 10:52:31'),(2876,139,6,'22','2017-12-14 10:52:52'),(2877,122,21,'82','2017-12-14 10:53:29'),(2878,139,10,'37','2017-12-14 10:53:57'),(2879,122,24,'95','2017-12-14 10:54:48'),(2880,138,13,'50,51,49','2017-12-14 10:54:50'),(2881,122,27,'107','2017-12-14 10:55:03'),(2882,122,38,'150','2017-12-14 10:55:12'),(2883,139,16,'61,62','2017-12-14 10:55:18'),(2884,122,42,'165','2017-12-14 10:55:26'),(2885,139,25,'98','2017-12-14 10:55:34'),(2886,138,16,'61,62,63','2017-12-14 10:55:38'),(2887,122,43,'168','2017-12-14 10:55:43'),(2888,122,44,'173','2017-12-14 10:55:51'),(2889,122,47,'184','2017-12-14 10:56:18'),(2890,139,28,'112','2017-12-14 10:56:36'),(2891,138,18,'71,69','2017-12-14 10:57:59'),(2892,138,26,'71,69','2017-12-14 10:58:02'),(2893,122,63,'247','2017-12-14 10:58:21'),(2894,139,34,'133','2017-12-14 10:58:41'),(2895,138,27,'107','2017-12-14 10:59:00'),(2896,122,66,'261','2017-12-14 10:59:38'),(2897,122,68,'267','2017-12-14 10:59:46'),(2898,122,72,'281,280,279','2017-12-14 11:00:10'),(2899,139,36,'143','2017-12-14 11:00:19'),(2900,139,39,'143','2017-12-14 11:00:22'),(2901,122,73,'286','2017-12-14 11:00:37'),(2902,139,40,'156','2017-12-14 11:01:00'),(2903,122,75,'293','2017-12-14 11:01:08'),(2904,122,84,'329','2017-12-14 11:01:35'),(2905,138,30,'119','2017-12-14 11:01:41'),(2906,139,45,'179','2017-12-14 11:01:54'),(2907,138,31,'120','2017-12-14 11:02:18'),(2908,122,89,'351','2017-12-14 11:02:40'),(2909,122,91,'359','2017-12-14 11:03:00'),(2910,139,51,'202','2017-12-14 11:03:11'),(2911,139,53,'208','2017-12-14 11:04:12'),(2912,122,97,'380','2017-12-14 11:04:37'),(2913,138,33,'128,130,131','2017-12-14 11:04:41'),(2914,122,102,'402','2017-12-14 11:04:44'),(2915,139,56,'221','2017-12-14 11:05:07'),(2916,138,37,'145','2017-12-14 11:05:21'),(2917,122,103,'403,404','2017-12-14 11:06:22'),(2918,122,107,'417','2017-12-14 11:06:34'),(2919,139,59,'232','2017-12-14 11:06:45'),(2920,122,109,'424','2017-12-14 11:06:47'),(2921,138,39,'152','2017-12-14 11:07:10'),(2922,138,40,'158','2017-12-14 11:07:26'),(2923,139,62,'244','2017-12-14 11:07:28'),(2924,139,63,'249','2017-12-14 11:08:09'),(2925,138,45,'177','2017-12-14 11:08:29'),(2926,138,50,'196','2017-12-14 11:09:01'),(2927,139,64,'251','2017-12-14 11:09:18'),(2928,138,61,'240','2017-12-14 11:11:04'),(2929,139,75,'294','2017-12-14 11:11:41'),(2930,138,69,'268','2017-12-14 11:12:03'),(2931,139,76,'300','2017-12-14 11:12:28'),(2932,138,70,'272','2017-12-14 11:13:01'),(2933,139,77,'301','2017-12-14 11:13:26'),(2934,138,72,'279,281,280','2017-12-14 11:15:33'),(2935,140,2,'290','2017-12-14 11:15:56'),(2936,140,3,'11','2017-12-14 11:16:29'),(2937,140,6,'21','2017-12-14 11:16:41'),(2938,139,82,'322','2017-12-14 11:16:50'),(2939,138,76,'300','2017-12-14 11:16:55'),(2940,140,7,'28','2017-12-14 11:17:00'),(2941,138,77,'301','2017-12-14 11:17:14'),(2942,140,10,'39','2017-12-14 11:17:21'),(2943,140,13,'49','2017-12-14 11:17:52'),(2944,140,15,'59','2017-12-14 11:18:21'),(2945,139,83,'325','2017-12-14 11:18:33'),(2946,140,23,'90','2017-12-14 11:18:55'),(2947,140,28,'112','2017-12-14 11:19:07'),(2948,138,79,'309','2017-12-14 11:19:13'),(2949,140,30,'119','2017-12-14 11:19:22'),(2950,140,34,'133','2017-12-14 11:19:34'),(2951,138,95,'374','2017-12-14 11:19:38'),(2952,140,36,'141','2017-12-14 11:19:47'),(2953,140,37,'145','2017-12-14 11:19:59'),(2954,140,44,'173','2017-12-14 11:20:09'),(2955,138,97,'380','2017-12-14 11:20:13'),(2956,140,47,'184','2017-12-14 11:20:14'),(2957,139,85,'333','2017-12-14 11:20:19'),(2958,140,51,'201','2017-12-14 11:21:40'),(2959,138,100,'391','2017-12-14 11:21:41'),(2960,140,55,'219,216','2017-12-14 11:21:55'),(2961,140,61,'240','2017-12-14 11:22:08'),(2962,139,86,'337','2017-12-14 11:22:18'),(2963,140,64,'251','2017-12-14 11:22:22'),(2964,140,71,'274,276','2017-12-14 11:22:47'),(2965,140,72,'281,279','2017-12-14 11:22:59'),(2966,140,73,'286','2017-12-14 11:23:06'),(2967,140,74,'290','2017-12-14 11:23:12'),(2968,138,103,'406,405','2017-12-14 11:23:16'),(2969,140,76,'300','2017-12-14 11:23:16'),(2970,140,83,'328','2017-12-14 11:23:39'),(2971,140,84,'329,330','2017-12-14 11:23:51'),(2972,140,86,'339','2017-12-14 11:24:05'),(2973,138,105,'412','2017-12-14 11:24:11'),(2974,140,88,'346','2017-12-14 11:24:34'),(2975,140,100,'392','2017-12-14 11:24:49'),(2976,140,109,'424','2017-12-14 11:25:02'),(2977,138,107,'418','2017-12-14 11:25:02'),(2978,139,88,'347,346','2017-12-14 11:25:24'),(2979,138,108,'420','2017-12-14 11:25:28'),(2980,138,109,'423','2017-12-14 11:26:05'),(2981,139,91,'358','2017-12-14 11:26:54'),(2982,139,93,'365,367','2017-12-14 11:28:41'),(2983,58,10,'37','2017-12-14 11:28:59'),(2984,58,17,'65','2017-12-14 11:29:21'),(2985,58,18,'71,69','2017-12-14 11:29:44'),(2986,139,99,'388','2017-12-14 11:29:45'),(2987,58,21,'82','2017-12-14 11:30:00'),(2988,58,22,'87','2017-12-14 11:30:13'),(2989,139,103,'403,404','2017-12-14 11:30:19'),(2990,58,24,'95','2017-12-14 11:30:25'),(2991,58,30,'117','2017-12-14 11:30:35'),(2992,58,33,'131,128','2017-12-14 11:30:49'),(2993,58,36,'141','2017-12-14 11:31:38'),(2994,58,37,'145','2017-12-14 11:31:48'),(2995,58,43,'168','2017-12-14 11:34:24'),(2996,58,47,'184','2017-12-14 11:34:44'),(2997,58,52,'206','2017-12-14 11:34:52'),(2998,58,53,'211','2017-12-14 11:35:09'),(2999,58,58,'227','2017-12-14 11:35:44'),(3000,58,59,'234','2017-12-14 11:39:13'),(3001,58,61,'242,241','2017-12-14 11:39:33'),(3002,58,64,'253','2017-12-14 11:40:01'),(3003,58,70,'272','2017-12-14 11:40:50'),(3004,58,73,'286','2017-12-14 11:41:34'),(3005,58,76,'299','2017-12-14 11:45:14'),(3006,58,79,'309','2017-12-14 11:45:37'),(3007,58,80,'314','2017-12-14 11:45:44'),(3008,58,85,'335','2017-12-14 11:46:54'),(3009,58,86,'339,338','2017-12-14 11:48:34'),(3010,58,92,'364','2017-12-14 11:48:38'),(3011,58,93,'366','2017-12-14 11:48:52'),(3012,58,98,'385','2017-12-14 11:49:01'),(3013,58,100,'392','2017-12-14 11:49:10'),(3014,141,8,'190','2017-12-14 11:49:44'),(3015,141,14,'54','2017-12-14 11:51:05'),(3016,141,19,'73','2017-12-14 11:52:59'),(3017,141,20,'79','2017-12-14 11:54:10'),(3018,141,22,'85','2017-12-14 11:54:30'),(3019,141,27,'107','2017-12-14 11:55:03'),(3020,141,30,'117','2017-12-14 11:55:20'),(3021,141,32,'126','2017-12-14 11:55:52'),(3022,141,33,'131','2017-12-14 11:56:27'),(3023,141,38,'150','2017-12-14 11:56:43'),(3024,141,41,'160','2017-12-14 11:57:41'),(3025,141,43,'160','2017-12-14 11:57:43'),(3026,141,45,'177','2017-12-14 11:58:24'),(3027,141,48,'190','2017-12-14 11:58:36'),(3028,141,54,'213','2017-12-14 11:59:10'),(3029,141,56,'213','2017-12-14 11:59:12'),(3030,141,63,'248','2017-12-14 11:59:27'),(3031,141,64,'251','2017-12-14 12:00:25'),(3032,141,66,'261','2017-12-14 12:01:40'),(3033,141,68,'265','2017-12-14 12:02:28'),(3034,141,69,'268','2017-12-14 12:02:42'),(3035,141,77,'304','2017-12-14 12:02:57'),(3036,141,78,'307','2017-12-14 12:03:19'),(3037,141,80,'313','2017-12-14 12:03:34'),(3038,141,84,'329','2017-12-14 12:03:51'),(3039,141,92,'364','2017-12-14 12:04:03'),(3040,141,94,'368','2017-12-14 12:04:20'),(3041,141,98,'385','2017-12-14 12:04:36'),(3042,141,99,'390','2017-12-14 12:04:50'),(3043,141,106,'416','2017-12-14 12:05:16');
/*!40000 ALTER TABLE `exam_answer` ENABLE KEYS */;
UNLOCK TABLES;

--
-- Table structure for table `exam_question`
--

DROP TABLE IF EXISTS `exam_question`;
/*!40101 SET @saved_cs_client     = @@character_set_client */;
/*!40101 SET character_set_client = utf8 */;
CREATE TABLE `exam_question` (
  `exam_id` int(11) NOT NULL,
  `question_id` int(11) NOT NULL,
  PRIMARY KEY (`exam_id`,`question_id`),
  KEY `IDX_F593067D578D5E91` (`exam_id`),
  KEY `IDX_F593067D1E27F6BF` (`question_id`),
  CONSTRAINT `FK_F593067D1E27F6BF` FOREIGN KEY (`question_id`) REFERENCES `question` (`id`) ON DELETE CASCADE,
  CONSTRAINT `FK_F593067D578D5E91` FOREIGN KEY (`exam_id`) REFERENCES `exam` (`id`) ON DELETE CASCADE
) ENGINE=InnoDB DEFAULT CHARSET=utf8 COLLATE=utf8_unicode_ci;
/*!40101 SET character_set_client = @saved_cs_client */;

--
-- Dumping data for table `exam_question`
--

LOCK TABLES `exam_question` WRITE;
/*!40000 ALTER TABLE `exam_question` DISABLE KEYS */;
INSERT INTO `exam_question` VALUES (30,5),(30,6),(30,8),(30,12),(30,23),(30,25),(30,26),(30,28),(30,34),(30,40),(30,42),(30,46),(30,48),(30,56),(30,60),(30,61),(30,62),(30,63),(30,65),(30,67),(30,79),(30,84),(30,87),(30,89),(30,92),(30,94),(30,95),(30,96),(30,98),(30,105),(31,5),(31,8),(31,9),(31,14),(31,21),(31,22),(31,28),(31,30),(31,32),(31,40),(31,49),(31,52),(31,53),(31,55),(31,56),(31,57),(31,58),(31,59),(31,62),(31,66),(31,67),(31,70),(31,71),(31,80),(31,81),(31,88),(31,96),(31,101),(31,108),(31,109),(32,2),(32,8),(32,17),(32,26),(32,30),(32,31),(32,33),(32,34),(32,36),(32,37),(32,40),(32,41),(32,47),(32,51),(32,56),(32,59),(32,66),(32,69),(32,72),(32,75),(32,79),(32,84),(32,88),(32,94),(32,95),(32,97),(32,98),(32,99),(32,105),(32,107),(33,4),(33,8),(33,9),(33,12),(33,14),(33,15),(33,16),(33,17),(33,19),(33,26),(33,36),(33,41),(33,47),(33,48),(33,53),(33,60),(33,65),(33,70),(33,72),(33,75),(33,77),(33,80),(33,84),(33,87),(33,91),(33,93),(33,97),(33,103),(33,105),(33,107),(34,2),(34,12),(34,14),(34,17),(34,22),(34,23),(34,28),(34,31),(34,32),(34,34),(34,35),(34,38),(34,49),(34,50),(34,52),(34,55),(34,56),(34,57),(34,60),(34,66),(34,70),(34,74),(34,78),(34,79),(34,91),(34,96),(34,98),(34,99),(34,102),(34,109),(35,1),(35,5),(35,8),(35,13),(35,14),(35,15),(35,17),(35,22),(35,23),(35,26),(35,32),(35,35),(35,37),(35,40),(35,42),(35,43),(35,45),(35,48),(35,50),(35,56),(35,60),(35,63),(35,68),(35,72),(35,74),(35,90),(35,96),(35,103),(35,105),(35,109),(36,1),(36,3),(36,4),(36,13),(36,19),(36,22),(36,27),(36,29),(36,35),(36,41),(36,48),(36,55),(36,56),(36,59),(36,65),(36,66),(36,68),(36,74),(36,76),(36,77),(36,80),(36,81),(36,86),(36,89),(36,93),(36,98),(36,99),(36,101),(36,103),(36,106),(37,4),(37,5),(37,8),(37,10),(37,22),(37,23),(37,25),(37,26),(37,27),(37,28),(37,29),(37,31),(37,37),(37,53),(37,54),(37,55),(37,56),(37,57),(37,63),(37,65),(37,77),(37,78),(37,85),(37,88),(37,89),(37,91),(37,92),(37,93),(37,94),(37,99),(38,2),(38,3),(38,6),(38,8),(38,20),(38,23),(38,27),(38,29),(38,41),(38,42),(38,43),(38,44),(38,45),(38,48),(38,50),(38,59),(38,62),(38,63),(38,64),(38,66),(38,75),(38,78),(38,82),(38,84),(38,88),(38,94),(38,101),(38,103),(38,104),(38,105),(39,13),(39,17),(39,28),(39,30),(39,31),(39,34),(39,35),(39,43),(39,44),(39,45),(39,48),(39,53),(39,55),(39,57),(39,63),(39,64),(39,67),(39,72),(39,74),(39,81),(39,82),(39,84),(39,85),(39,87),(39,90),(39,95),(39,99),(39,101),(39,106),(39,108),(40,1),(40,6),(40,11),(40,14),(40,17),(40,18),(40,19),(40,21),(40,24),(40,30),(40,32),(40,34),(40,39),(40,43),(40,47),(40,50),(40,51),(40,54),(40,58),(40,59),(40,60),(40,63),(40,72),(40,80),(40,84),(40,89),(40,100),(40,103),(40,104),(40,105),(41,4),(41,8),(41,11),(41,14),(41,15),(41,17),(41,25),(41,46),(41,52),(41,56),(41,57),(41,64),(41,70),(41,71),(41,77),(41,79),(41,80),(41,81),(41,83),(41,86),(41,88),(41,90),(41,92),(41,95),(41,102),(41,103),(41,104),(41,106),(41,107),(41,108),(42,3),(42,11),(42,16),(42,17),(42,20),(42,22),(42,24),(42,26),(42,29),(42,34),(42,37),(42,38),(42,40),(42,50),(42,57),(42,60),(42,61),(42,62),(42,74),(42,75),(42,79),(42,84),(42,88),(42,89),(42,94),(42,100),(42,103),(42,104),(42,105),(42,109),(43,3),(43,7),(43,8),(43,10),(43,13),(43,16),(43,23),(43,24),(43,25),(43,26),(43,27),(43,28),(43,40),(43,48),(43,49),(43,60),(43,63),(43,64),(43,66),(43,68),(43,69),(43,75),(43,76),(43,77),(43,78),(43,92),(43,93),(43,97),(43,101),(43,108),(44,2),(44,4),(44,15),(44,16),(44,32),(44,33),(44,38),(44,39),(44,40),(44,44),(44,49),(44,51),(44,53),(44,54),(44,59),(44,62),(44,68),(44,70),(44,72),(44,73),(44,76),(44,77),(44,78),(44,82),(44,88),(44,91),(44,92),(44,101),(44,104),(44,108),(45,6),(45,9),(45,11),(45,15),(45,16),(45,20),(45,27),(45,30),(45,31),(45,34),(45,39),(45,40),(45,42),(45,45),(45,49),(45,50),(45,51),(45,52),(45,61),(45,62),(45,68),(45,69),(45,77),(45,79),(45,82),(45,84),(45,90),(45,91),(45,102),(45,103),(46,15),(46,16),(46,18),(46,22),(46,23),(46,31),(46,34),(46,35),(46,40),(46,42),(46,43),(46,44),(46,50),(46,52),(46,56),(46,59),(46,61),(46,62),(46,73),(46,74),(46,81),(46,84),(46,85),(46,87),(46,88),(46,92),(46,93),(46,94),(46,96),(46,103),(47,1),(47,3),(47,4),(47,11),(47,18),(47,19),(47,23),(47,28),(47,31),(47,32),(47,47),(47,50),(47,53),(47,54),(47,56),(47,57),(47,60),(47,74),(47,80),(47,83),(47,85),(47,88),(47,89),(47,92),(47,95),(47,96),(47,98),(47,100),(47,101),(47,104),(49,5),(49,10),(49,13),(49,14),(49,15),(49,18),(49,28),(49,29),(49,33),(49,34),(49,35),(49,40),(49,41),(49,45),(49,47),(49,49),(49,56),(49,64),(49,68),(49,73),(49,78),(49,80),(49,81),(49,83),(49,87),(49,92),(49,97),(49,101),(49,105),(49,106),(50,1),(50,3),(50,13),(50,18),(50,20),(50,22),(50,23),(50,27),(50,31),(50,32),(50,34),(50,36),(50,38),(50,43),(50,44),(50,68),(50,72),(50,77),(50,80),(50,82),(50,84),(50,87),(50,89),(50,92),(50,93),(50,95),(50,98),(50,99),(50,100),(50,101),(51,4),(51,8),(51,13),(51,17),(51,18),(51,28),(51,35),(51,38),(51,42),(51,46),(51,56),(51,66),(51,68),(51,72),(51,76),(51,80),(51,81),(51,84),(51,85),(51,89),(51,92),(51,96),(51,98),(51,99),(51,100),(51,101),(51,104),(51,106),(51,107),(51,108),(52,6),(52,8),(52,14),(52,22),(52,27),(52,34),(52,39),(52,40),(52,41),(52,45),(52,48),(52,51),(52,52),(52,54),(52,57),(52,62),(52,66),(52,71),(52,74),(52,76),(52,87),(52,89),(52,90),(52,91),(52,94),(52,98),(52,100),(52,102),(52,104),(52,109),(53,2),(53,4),(53,10),(53,12),(53,14),(53,15),(53,19),(53,20),(53,21),(53,22),(53,23),(53,26),(53,27),(53,28),(53,39),(53,48),(53,49),(53,51),(53,52),(53,60),(53,67),(53,74),(53,76),(53,77),(53,86),(53,87),(53,91),(53,93),(53,96),(53,102),(54,2),(54,11),(54,14),(54,15),(54,16),(54,19),(54,24),(54,27),(54,46),(54,50),(54,51),(54,55),(54,56),(54,58),(54,59),(54,60),(54,63),(54,71),(54,76),(54,77),(54,83),(54,85),(54,87),(54,93),(54,94),(54,97),(54,99),(54,100),(54,103),(54,109),(55,6),(55,7),(55,8),(55,13),(55,17),(55,27),(55,31),(55,36),(55,37),(55,44),(55,45),(55,48),(55,51),(55,56),(55,60),(55,63),(55,64),(55,67),(55,71),(55,72),(55,75),(55,77),(55,83),(55,85),(55,89),(55,92),(55,93),(55,94),(55,95),(55,109),(56,7),(56,9),(56,12),(56,15),(56,18),(56,20),(56,23),(56,25),(56,33),(56,34),(56,35),(56,38),(56,40),(56,48),(56,51),(56,52),(56,53),(56,54),(56,55),(56,59),(56,64),(56,69),(56,75),(56,78),(56,86),(56,88),(56,91),(56,95),(56,98),(56,101),(57,1),(57,3),(57,11),(57,18),(57,19),(57,31),(57,33),(57,37),(57,38),(57,47),(57,51),(57,54),(57,55),(57,58),(57,68),(57,72),(57,74),(57,75),(57,76),(57,81),(57,84),(57,86),(57,93),(57,94),(57,95),(57,98),(57,99),(57,102),(57,105),(57,109),(58,7),(58,10),(58,17),(58,18),(58,21),(58,22),(58,24),(58,30),(58,33),(58,36),(58,37),(58,43),(58,47),(58,52),(58,53),(58,58),(58,59),(58,61),(58,64),(58,70),(58,73),(58,76),(58,79),(58,80),(58,85),(58,86),(58,92),(58,93),(58,98),(58,100),(59,1),(59,10),(59,11),(59,13),(59,18),(59,19),(59,21),(59,33),(59,38),(59,40),(59,41),(59,45),(59,48),(59,51),(59,54),(59,58),(59,62),(59,63),(59,65),(59,72),(59,78),(59,79),(59,85),(59,89),(59,93),(59,94),(59,96),(59,97),(59,101),(59,108),(60,3),(60,4),(60,8),(60,9),(60,13),(60,16),(60,18),(60,27),(60,30),(60,38),(60,39),(60,43),(60,46),(60,52),(60,53),(60,60),(60,68),(60,69),(60,72),(60,75),(60,77),(60,85),(60,86),(60,98),(60,99),(60,100),(60,101),(60,103),(60,104),(60,105),(61,4),(61,6),(61,13),(61,15),(61,18),(61,19),(61,24),(61,26),(61,30),(61,35),(61,36),(61,42),(61,45),(61,47),(61,52),(61,54),(61,58),(61,62),(61,64),(61,67),(61,69),(61,71),(61,75),(61,81),(61,82),(61,88),(61,89),(61,92),(61,102),(61,107),(62,2),(62,7),(62,9),(62,11),(62,19),(62,20),(62,26),(62,27),(62,28),(62,36),(62,37),(62,40),(62,45),(62,51),(62,53),(62,56),(62,59),(62,61),(62,63),(62,72),(62,73),(62,74),(62,78),(62,79),(62,80),(62,84),(62,87),(62,100),(62,102),(62,105),(63,2),(63,3),(63,9),(63,12),(63,15),(63,20),(63,26),(63,33),(63,34),(63,35),(63,42),(63,43),(63,48),(63,50),(63,56),(63,58),(63,63),(63,65),(63,71),(63,74),(63,75),(63,80),(63,83),(63,86),(63,91),(63,96),(63,97),(63,100),(63,102),(63,107),(64,2),(64,18),(64,24),(64,28),(64,30),(64,33),(64,37),(64,43),(64,51),(64,53),(64,55),(64,58),(64,63),(64,66),(64,67),(64,69),(64,70),(64,71),(64,72),(64,78),(64,80),(64,81),(64,88),(64,92),(64,93),(64,94),(64,95),(64,97),(64,98),(64,102),(65,4),(65,5),(65,10),(65,12),(65,14),(65,18),(65,21),(65,23),(65,24),(65,25),(65,29),(65,31),(65,44),(65,49),(65,50),(65,52),(65,53),(65,58),(65,63),(65,67),(65,68),(65,69),(65,71),(65,73),(65,87),(65,90),(65,91),(65,93),(65,95),(65,107),(66,2),(66,7),(66,11),(66,17),(66,22),(66,29),(66,30),(66,31),(66,32),(66,33),(66,38),(66,40),(66,43),(66,51),(66,52),(66,54),(66,59),(66,60),(66,63),(66,69),(66,71),(66,76),(66,82),(66,83),(66,89),(66,90),(66,105),(66,106),(66,107),(66,109),(67,1),(67,3),(67,4),(67,7),(67,15),(67,18),(67,20),(67,22),(67,23),(67,25),(67,26),(67,29),(67,31),(67,34),(67,35),(67,39),(67,48),(67,52),(67,62),(67,74),(67,78),(67,79),(67,90),(67,93),(67,95),(67,102),(67,104),(67,107),(67,108),(67,109),(68,1),(68,7),(68,12),(68,13),(68,18),(68,20),(68,21),(68,27),(68,28),(68,34),(68,39),(68,42),(68,46),(68,51),(68,55),(68,56),(68,57),(68,62),(68,67),(68,71),(68,72),(68,76),(68,77),(68,79),(68,82),(68,85),(68,93),(68,95),(68,97),(68,103),(69,1),(69,6),(69,14),(69,20),(69,21),(69,23),(69,25),(69,26),(69,28),(69,34),(69,40),(69,42),(69,46),(69,48),(69,51),(69,57),(69,65),(69,66),(69,73),(69,78),(69,79),(69,80),(69,83),(69,84),(69,86),(69,89),(69,100),(69,102),(69,106),(69,108),(70,1),(70,2),(70,3),(70,12),(70,13),(70,15),(70,16),(70,19),(70,21),(70,22),(70,24),(70,27),(70,33),(70,34),(70,46),(70,50),(70,63),(70,64),(70,76),(70,77),(70,79),(70,81),(70,82),(70,85),(70,94),(70,99),(70,100),(70,103),(70,104),(70,109),(71,1),(71,3),(71,7),(71,11),(71,12),(71,21),(71,30),(71,35),(71,37),(71,38),(71,40),(71,41),(71,45),(71,48),(71,50),(71,52),(71,54),(71,64),(71,66),(71,68),(71,70),(71,71),(71,72),(71,79),(71,89),(71,94),(71,96),(71,102),(71,103),(71,109),(72,2),(72,4),(72,7),(72,11),(72,13),(72,18),(72,19),(72,22),(72,26),(72,27),(72,29),(72,32),(72,37),(72,39),(72,49),(72,52),(72,55),(72,58),(72,59),(72,61),(72,77),(72,78),(72,82),(72,84),(72,86),(72,90),(72,93),(72,95),(72,97),(72,103),(73,5),(73,6),(73,14),(73,16),(73,33),(73,35),(73,37),(73,42),(73,49),(73,51),(73,53),(73,55),(73,60),(73,61),(73,64),(73,67),(73,68),(73,77),(73,79),(73,82),(73,84),(73,87),(73,88),(73,92),(73,93),(73,94),(73,96),(73,97),(73,99),(73,103),(74,3),(74,5),(74,7),(74,8),(74,11),(74,14),(74,16),(74,19),(74,20),(74,21),(74,24),(74,29),(74,38),(74,44),(74,47),(74,49),(74,55),(74,56),(74,68),(74,70),(74,74),(74,78),(74,84),(74,92),(74,96),(74,97),(74,98),(74,100),(74,106),(74,109),(75,2),(75,5),(75,6),(75,11),(75,14),(75,16),(75,17),(75,18),(75,24),(75,29),(75,34),(75,35),(75,36),(75,42),(75,45),(75,47),(75,57),(75,69),(75,70),(75,73),(75,75),(75,76),(75,78),(75,84),(75,88),(75,96),(75,104),(75,105),(75,107),(75,108),(76,11),(76,15),(76,16),(76,18),(76,20),(76,22),(76,26),(76,31),(76,32),(76,38),(76,41),(76,46),(76,50),(76,52),(76,54),(76,56),(76,61),(76,64),(76,73),(76,78),(76,79),(76,80),(76,81),(76,82),(76,84),(76,85),(76,86),(76,94),(76,96),(76,98),(77,1),(77,4),(77,6),(77,8),(77,13),(77,14),(77,15),(77,17),(77,25),(77,26),(77,34),(77,35),(77,47),(77,49),(77,51),(77,56),(77,59),(77,60),(77,62),(77,70),(77,71),(77,79),(77,83),(77,84),(77,92),(77,94),(77,98),(77,104),(77,107),(77,109),(78,2),(78,4),(78,10),(78,12),(78,14),(78,15),(78,16),(78,17),(78,24),(78,25),(78,40),(78,43),(78,47),(78,51),(78,52),(78,53),(78,54),(78,61),(78,64),(78,65),(78,68),(78,69),(78,74),(78,76),(78,78),(78,79),(78,88),(78,94),(78,96),(78,105),(79,4),(79,8),(79,16),(79,17),(79,20),(79,25),(79,26),(79,27),(79,28),(79,30),(79,38),(79,44),(79,54),(79,61),(79,64),(79,69),(79,70),(79,71),(79,72),(79,75),(79,78),(79,79),(79,81),(79,83),(79,86),(79,93),(79,94),(79,96),(79,103),(79,108),(80,2),(80,4),(80,6),(80,9),(80,10),(80,12),(80,13),(80,15),(80,17),(80,22),(80,26),(80,37),(80,39),(80,48),(80,53),(80,56),(80,61),(80,65),(80,68),(80,70),(80,73),(80,74),(80,76),(80,80),(80,81),(80,87),(80,91),(80,93),(80,103),(80,106),(81,1),(81,2),(81,3),(81,4),(81,5),(81,10),(81,16),(81,24),(81,25),(81,26),(81,27),(81,30),(81,35),(81,49),(81,52),(81,53),(81,54),(81,60),(81,62),(81,63),(81,72),(81,73),(81,74),(81,77),(81,78),(81,79),(81,81),(81,89),(81,95),(81,106),(82,2),(82,7),(82,9),(82,13),(82,16),(82,25),(82,28),(82,31),(82,33),(82,34),(82,38),(82,40),(82,43),(82,44),(82,48),(82,51),(82,53),(82,54),(82,55),(82,62),(82,71),(82,73),(82,74),(82,78),(82,79),(82,93),(82,94),(82,100),(82,103),(82,104),(83,9),(83,13),(83,14),(83,15),(83,16),(83,22),(83,36),(83,37),(83,39),(83,41),(83,53),(83,59),(83,61),(83,67),(83,72),(83,76),(83,78),(83,79),(83,80),(83,85),(83,86),(83,87),(83,94),(83,95),(83,96),(83,99),(83,100),(83,105),(83,106),(83,108),(84,2),(84,5),(84,11),(84,14),(84,16),(84,18),(84,23),(84,30),(84,31),(84,32),(84,33),(84,35),(84,44),(84,45),(84,48),(84,49),(84,51),(84,55),(84,58),(84,65),(84,66),(84,74),(84,87),(84,88),(84,90),(84,92),(84,93),(84,97),(84,100),(84,103),(85,3),(85,8),(85,10),(85,13),(85,18),(85,19),(85,20),(85,28),(85,32),(85,33),(85,34),(85,36),(85,42),(85,44),(85,45),(85,50),(85,53),(85,55),(85,59),(85,60),(85,66),(85,70),(85,74),(85,77),(85,80),(85,82),(85,96),(85,98),(85,106),(85,107),(86,6),(86,14),(86,18),(86,22),(86,24),(86,28),(86,32),(86,38),(86,39),(86,40),(86,48),(86,49),(86,57),(86,58),(86,63),(86,64),(86,66),(86,69),(86,72),(86,78),(86,79),(86,84),(86,90),(86,95),(86,98),(86,99),(86,101),(86,105),(86,107),(86,109),(87,6),(87,12),(87,14),(87,17),(87,23),(87,24),(87,25),(87,30),(87,33),(87,35),(87,39),(87,43),(87,44),(87,53),(87,54),(87,58),(87,61),(87,66),(87,74),(87,76),(87,79),(87,81),(87,88),(87,90),(87,93),(87,96),(87,98),(87,99),(87,102),(87,105),(88,3),(88,4),(88,8),(88,11),(88,12),(88,13),(88,17),(88,19),(88,21),(88,24),(88,27),(88,30),(88,45),(88,48),(88,52),(88,58),(88,59),(88,60),(88,62),(88,63),(88,74),(88,79),(88,80),(88,82),(88,83),(88,89),(88,90),(88,97),(88,100),(88,104),(89,7),(89,13),(89,14),(89,15),(89,19),(89,23),(89,25),(89,26),(89,31),(89,35),(89,45),(89,48),(89,52),(89,53),(89,56),(89,59),(89,63),(89,65),(89,67),(89,69),(89,81),(89,83),(89,85),(89,91),(89,95),(89,96),(89,101),(89,102),(89,103),(89,105),(90,4),(90,13),(90,14),(90,16),(90,17),(90,23),(90,28),(90,30),(90,41),(90,44),(90,51),(90,54),(90,55),(90,57),(90,59),(90,60),(90,62),(90,64),(90,66),(90,73),(90,75),(90,78),(90,80),(90,86),(90,91),(90,94),(90,100),(90,101),(90,104),(90,106),(91,6),(91,10),(91,11),(91,12),(91,15),(91,16),(91,17),(91,18),(91,21),(91,22),(91,23),(91,31),(91,36),(91,37),(91,42),(91,46),(91,59),(91,60),(91,68),(91,70),(91,71),(91,73),(91,74),(91,75),(91,78),(91,89),(91,90),(91,92),(91,98),(91,102),(92,5),(92,6),(92,8),(92,12),(92,22),(92,23),(92,33),(92,34),(92,39),(92,43),(92,46),(92,47),(92,48),(92,50),(92,51),(92,65),(92,69),(92,70),(92,73),(92,84),(92,85),(92,86),(92,87),(92,90),(92,91),(92,96),(92,98),(92,100),(92,101),(92,108),(93,1),(93,4),(93,11),(93,15),(93,17),(93,21),(93,25),(93,30),(93,36),(93,37),(93,39),(93,40),(93,41),(93,44),(93,47),(93,50),(93,51),(93,62),(93,72),(93,76),(93,81),(93,84),(93,87),(93,88),(93,94),(93,100),(93,101),(93,102),(93,103),(93,104),(94,4),(94,6),(94,10),(94,16),(94,19),(94,21),(94,36),(94,42),(94,56),(94,58),(94,65),(94,67),(94,68),(94,70),(94,74),(94,79),(94,82),(94,86),(94,87),(94,89),(94,90),(94,93),(94,97),(94,99),(94,100),(94,103),(94,104),(94,105),(94,106),(94,109),(95,1),(95,3),(95,7),(95,11),(95,14),(95,20),(95,21),(95,22),(95,23),(95,26),(95,31),(95,32),(95,44),(95,53),(95,54),(95,65),(95,67),(95,68),(95,73),(95,74),(95,77),(95,79),(95,87),(95,88),(95,94),(95,97),(95,100),(95,103),(95,105),(95,109),(96,2),(96,8),(96,12),(96,15),(96,18),(96,23),(96,28),(96,30),(96,34),(96,36),(96,39),(96,46),(96,49),(96,50),(96,53),(96,56),(96,59),(96,60),(96,67),(96,69),(96,74),(96,75),(96,79),(96,90),(96,91),(96,93),(96,94),(96,100),(96,101),(96,109),(97,10),(97,12),(97,18),(97,22),(97,27),(97,29),(97,37),(97,38),(97,39),(97,40),(97,42),(97,46),(97,49),(97,64),(97,66),(97,70),(97,71),(97,73),(97,74),(97,82),(97,83),(97,86),(97,88),(97,94),(97,95),(97,99),(97,101),(97,102),(97,104),(97,107),(98,1),(98,13),(98,14),(98,16),(98,28),(98,29),(98,31),(98,38),(98,39),(98,50),(98,52),(98,53),(98,56),(98,58),(98,59),(98,62),(98,67),(98,70),(98,73),(98,79),(98,83),(98,87),(98,88),(98,89),(98,91),(98,93),(98,97),(98,99),(98,106),(98,108),(99,1),(99,13),(99,16),(99,19),(99,21),(99,22),(99,27),(99,36),(99,38),(99,40),(99,41),(99,42),(99,45),(99,52),(99,53),(99,58),(99,62),(99,63),(99,68),(99,74),(99,75),(99,77),(99,80),(99,82),(99,83),(99,88),(99,90),(99,91),(99,106),(99,109),(100,8),(100,10),(100,19),(100,22),(100,23),(100,25),(100,26),(100,27),(100,28),(100,32),(100,34),(100,36),(100,37),(100,38),(100,46),(100,47),(100,48),(100,58),(100,59),(100,64),(100,66),(100,69),(100,75),(100,80),(100,81),(100,83),(100,84),(100,100),(100,102),(100,105),(101,5),(101,8),(101,10),(101,14),(101,15),(101,17),(101,19),(101,26),(101,31),(101,37),(101,43),(101,45),(101,47),(101,56),(101,57),(101,59),(101,67),(101,69),(101,73),(101,86),(101,87),(101,88),(101,91),(101,97),(101,98),(101,99),(101,103),(101,105),(101,107),(101,109),(102,2),(102,4),(102,9),(102,17),(102,18),(102,19),(102,20),(102,26),(102,32),(102,34),(102,38),(102,43),(102,51),(102,54),(102,55),(102,57),(102,58),(102,60),(102,63),(102,70),(102,80),(102,81),(102,82),(102,83),(102,84),(102,92),(102,96),(102,103),(102,104),(102,109),(103,1),(103,3),(103,7),(103,9),(103,17),(103,18),(103,20),(103,34),(103,39),(103,47),(103,49),(103,50),(103,51),(103,53),(103,54),(103,55),(103,58),(103,59),(103,61),(103,63),(103,64),(103,67),(103,74),(103,79),(103,86),(103,93),(103,94),(103,96),(103,102),(103,103),(104,8),(104,12),(104,18),(104,19),(104,23),(104,26),(104,28),(104,29),(104,30),(104,31),(104,33),(104,42),(104,43),(104,44),(104,46),(104,50),(104,51),(104,52),(104,54),(104,72),(104,73),(104,78),(104,81),(104,84),(104,85),(104,87),(104,96),(104,98),(104,105),(104,106),(105,4),(105,7),(105,11),(105,12),(105,19),(105,21),(105,26),(105,27),(105,30),(105,36),(105,43),(105,44),(105,45),(105,48),(105,51),(105,56),(105,57),(105,62),(105,65),(105,68),(105,70),(105,75),(105,84),(105,85),(105,86),(105,91),(105,95),(105,100),(105,101),(105,106),(106,5),(106,6),(106,13),(106,16),(106,18),(106,19),(106,24),(106,26),(106,31),(106,34),(106,39),(106,40),(106,41),(106,42),(106,43),(106,52),(106,53),(106,60),(106,65),(106,66),(106,72),(106,82),(106,87),(106,90),(106,91),(106,93),(106,94),(106,96),(106,97),(106,98),(107,1),(107,5),(107,7),(107,9),(107,10),(107,12),(107,17),(107,24),(107,25),(107,27),(107,35),(107,43),(107,44),(107,47),(107,49),(107,59),(107,62),(107,69),(107,75),(107,81),(107,85),(107,93),(107,94),(107,97),(107,102),(107,103),(107,104),(107,105),(107,106),(107,108),(108,1),(108,12),(108,23),(108,25),(108,27),(108,32),(108,33),(108,34),(108,37),(108,44),(108,47),(108,49),(108,51),(108,53),(108,59),(108,60),(108,61),(108,62),(108,65),(108,69),(108,73),(108,77),(108,79),(108,82),(108,83),(108,84),(108,86),(108,98),(108,103),(108,106),(109,2),(109,7),(109,9),(109,10),(109,11),(109,13),(109,23),(109,29),(109,31),(109,32),(109,33),(109,35),(109,38),(109,44),(109,49),(109,50),(109,53),(109,54),(109,57),(109,58),(109,60),(109,66),(109,81),(109,85),(109,90),(109,101),(109,102),(109,103),(109,104),(109,108),(110,4),(110,6),(110,8),(110,13),(110,15),(110,18),(110,26),(110,29),(110,32),(110,34),(110,40),(110,44),(110,45),(110,49),(110,51),(110,54),(110,62),(110,63),(110,69),(110,73),(110,77),(110,83),(110,88),(110,90),(110,95),(110,96),(110,98),(110,102),(110,108),(110,109),(111,3),(111,7),(111,12),(111,16),(111,18),(111,32),(111,33),(111,34),(111,38),(111,39),(111,57),(111,59),(111,60),(111,65),(111,66),(111,70),(111,74),(111,75),(111,81),(111,83),(111,84),(111,86),(111,88),(111,92),(111,93),(111,97),(111,98),(111,99),(111,100),(111,102),(112,9),(112,10),(112,11),(112,13),(112,17),(112,20),(112,22),(112,27),(112,32),(112,34),(112,36),(112,43),(112,47),(112,49),(112,50),(112,52),(112,60),(112,62),(112,63),(112,64),(112,71),(112,78),(112,82),(112,90),(112,91),(112,93),(112,101),(112,102),(112,105),(112,106),(113,1),(113,2),(113,7),(113,10),(113,11),(113,12),(113,29),(113,32),(113,33),(113,36),(113,39),(113,41),(113,42),(113,44),(113,45),(113,48),(113,49),(113,53),(113,57),(113,59),(113,62),(113,65),(113,70),(113,71),(113,76),(113,80),(113,82),(113,85),(113,88),(113,108),(114,2),(114,5),(114,9),(114,11),(114,14),(114,16),(114,20),(114,21),(114,23),(114,24),(114,37),(114,39),(114,43),(114,45),(114,47),(114,48),(114,49),(114,50),(114,58),(114,59),(114,63),(114,64),(114,77),(114,79),(114,84),(114,87),(114,89),(114,90),(114,95),(114,103),(115,1),(115,4),(115,6),(115,7),(115,8),(115,13),(115,14),(115,19),(115,20),(115,25),(115,26),(115,35),(115,36),(115,41),(115,43),(115,49),(115,53),(115,62),(115,68),(115,70),(115,75),(115,77),(115,82),(115,87),(115,90),(115,92),(115,99),(115,103),(115,104),(115,106),(116,17),(116,18),(116,19),(116,24),(116,27),(116,33),(116,34),(116,35),(116,40),(116,41),(116,54),(116,64),(116,68),(116,69),(116,71),(116,72),(116,73),(116,74),(116,76),(116,80),(116,81),(116,84),(116,87),(116,93),(116,94),(116,95),(116,100),(116,103),(116,104),(116,109),(117,2),(117,3),(117,4),(117,8),(117,9),(117,11),(117,12),(117,13),(117,19),(117,24),(117,29),(117,30),(117,34),(117,45),(117,46),(117,56),(117,57),(117,63),(117,67),(117,68),(117,77),(117,79),(117,81),(117,83),(117,88),(117,95),(117,98),(117,104),(117,106),(117,107),(118,2),(118,5),(118,8),(118,9),(118,13),(118,14),(118,16),(118,31),(118,32),(118,43),(118,44),(118,45),(118,46),(118,51),(118,52),(118,53),(118,56),(118,58),(118,60),(118,61),(118,65),(118,73),(118,77),(118,88),(118,89),(118,91),(118,94),(118,96),(118,101),(118,103),(119,8),(119,10),(119,17),(119,19),(119,21),(119,22),(119,23),(119,26),(119,31),(119,37),(119,40),(119,41),(119,42),(119,54),(119,57),(119,58),(119,66),(119,68),(119,73),(119,76),(119,81),(119,87),(119,91),(119,93),(119,95),(119,96),(119,99),(119,101),(119,104),(119,105),(120,1),(120,2),(120,13),(120,22),(120,23),(120,26),(120,30),(120,31),(120,32),(120,39),(120,44),(120,46),(120,50),(120,53),(120,55),(120,57),(120,58),(120,61),(120,63),(120,74),(120,76),(120,78),(120,82),(120,83),(120,85),(120,86),(120,87),(120,92),(120,103),(120,104),(121,6),(121,8),(121,12),(121,13),(121,18),(121,20),(121,22),(121,24),(121,28),(121,34),(121,35),(121,40),(121,41),(121,44),(121,45),(121,50),(121,53),(121,54),(121,64),(121,68),(121,70),(121,71),(121,73),(121,75),(121,76),(121,78),(121,84),(121,95),(121,99),(121,102),(122,2),(122,4),(122,6),(122,7),(122,12),(122,14),(122,16),(122,20),(122,21),(122,24),(122,27),(122,38),(122,42),(122,43),(122,44),(122,47),(122,63),(122,66),(122,68),(122,72),(122,73),(122,75),(122,84),(122,89),(122,91),(122,97),(122,102),(122,103),(122,107),(122,109),(123,2),(123,8),(123,13),(123,17),(123,23),(123,26),(123,29),(123,30),(123,34),(123,36),(123,38),(123,39),(123,40),(123,44),(123,46),(123,49),(123,56),(123,59),(123,62),(123,64),(123,70),(123,77),(123,89),(123,92),(123,97),(123,98),(123,99),(123,101),(123,102),(123,109),(124,1),(124,2),(124,10),(124,14),(124,18),(124,21),(124,26),(124,32),(124,36),(124,37),(124,39),(124,48),(124,50),(124,54),(124,64),(124,65),(124,70),(124,71),(124,72),(124,80),(124,81),(124,82),(124,83),(124,84),(124,86),(124,87),(124,91),(124,92),(124,98),(124,108),(125,3),(125,4),(125,10),(125,14),(125,20),(125,22),(125,24),(125,27),(125,28),(125,31),(125,38),(125,42),(125,44),(125,45),(125,56),(125,57),(125,59),(125,60),(125,68),(125,76),(125,79),(125,83),(125,84),(125,85),(125,91),(125,98),(125,105),(125,107),(125,108),(125,109),(126,4),(126,10),(126,11),(126,18),(126,20),(126,22),(126,25),(126,26),(126,29),(126,32),(126,33),(126,42),(126,47),(126,48),(126,52),(126,55),(126,56),(126,58),(126,72),(126,75),(126,78),(126,81),(126,85),(126,86),(126,90),(126,93),(126,95),(126,102),(126,104),(126,109),(127,10),(127,14),(127,20),(127,26),(127,27),(127,29),(127,31),(127,33),(127,37),(127,38),(127,39),(127,41),(127,44),(127,45),(127,47),(127,49),(127,65),(127,68),(127,71),(127,74),(127,77),(127,78),(127,80),(127,86),(127,87),(127,88),(127,94),(127,100),(127,105),(127,109),(128,5),(128,6),(128,15),(128,17),(128,19),(128,25),(128,30),(128,34),(128,37),(128,40),(128,42),(128,43),(128,44),(128,45),(128,48),(128,51),(128,65),(128,69),(128,74),(128,75),(128,76),(128,77),(128,84),(128,88),(128,90),(128,91),(128,95),(128,100),(128,101),(128,106),(129,2),(129,6),(129,7),(129,10),(129,18),(129,19),(129,30),(129,33),(129,34),(129,45),(129,47),(129,50),(129,51),(129,53),(129,54),(129,58),(129,59),(129,60),(129,68),(129,73),(129,75),(129,78),(129,79),(129,80),(129,87),(129,91),(129,92),(129,94),(129,101),(129,105),(130,8),(130,10),(130,13),(130,16),(130,25),(130,26),(130,27),(130,32),(130,33),(130,36),(130,40),(130,42),(130,43),(130,49),(130,51),(130,56),(130,61),(130,64),(130,65),(130,66),(130,69),(130,72),(130,77),(130,79),(130,87),(130,94),(130,96),(130,97),(130,107),(130,108),(131,1),(131,2),(131,5),(131,21),(131,23),(131,26),(131,29),(131,31),(131,40),(131,41),(131,47),(131,49),(131,50),(131,52),(131,53),(131,61),(131,66),(131,68),(131,72),(131,81),(131,82),(131,83),(131,85),(131,89),(131,90),(131,92),(131,95),(131,96),(131,102),(131,104),(132,2),(132,3),(132,6),(132,12),(132,14),(132,16),(132,18),(132,19),(132,23),(132,27),(132,30),(132,31),(132,33),(132,34),(132,39),(132,44),(132,52),(132,53),(132,55),(132,56),(132,58),(132,68),(132,71),(132,76),(132,86),(132,89),(132,94),(132,97),(132,100),(132,106),(133,10),(133,12),(133,15),(133,18),(133,19),(133,20),(133,22),(133,23),(133,24),(133,25),(133,29),(133,31),(133,39),(133,42),(133,49),(133,55),(133,61),(133,72),(133,80),(133,81),(133,82),(133,88),(133,89),(133,91),(133,92),(133,94),(133,98),(133,99),(133,100),(133,105),(134,5),(134,8),(134,14),(134,23),(134,24),(134,25),(134,29),(134,37),(134,38),(134,50),(134,53),(134,55),(134,57),(134,58),(134,61),(134,65),(134,72),(134,73),(134,81),(134,82),(134,91),(134,93),(134,95),(134,96),(134,98),(134,99),(134,101),(134,102),(134,104),(134,105),(135,1),(135,3),(135,4),(135,11),(135,15),(135,16),(135,19),(135,20),(135,22),(135,34),(135,35),(135,40),(135,51),(135,52),(135,55),(135,56),(135,63),(135,66),(135,76),(135,79),(135,84),(135,85),(135,88),(135,91),(135,93),(135,99),(135,100),(135,101),(135,104),(135,108),(136,12),(136,15),(136,17),(136,19),(136,20),(136,23),(136,28),(136,32),(136,35),(136,37),(136,40),(136,44),(136,49),(136,50),(136,57),(136,58),(136,59),(136,63),(136,70),(136,78),(136,87),(136,88),(136,89),(136,91),(136,92),(136,93),(136,95),(136,96),(136,99),(136,107),(137,8),(137,11),(137,16),(137,19),(137,23),(137,32),(137,34),(137,36),(137,40),(137,41),(137,42),(137,46),(137,47),(137,50),(137,55),(137,66),(137,67),(137,73),(137,76),(137,77),(137,79),(137,80),(137,85),(137,86),(137,88),(137,91),(137,92),(137,97),(137,102),(137,103),(138,8),(138,9),(138,13),(138,16),(138,18),(138,26),(138,27),(138,30),(138,31),(138,33),(138,37),(138,39),(138,40),(138,45),(138,50),(138,61),(138,69),(138,70),(138,72),(138,76),(138,77),(138,79),(138,95),(138,97),(138,100),(138,103),(138,105),(138,107),(138,108),(138,109),(139,1),(139,6),(139,10),(139,16),(139,25),(139,28),(139,34),(139,36),(139,39),(139,40),(139,45),(139,51),(139,53),(139,56),(139,59),(139,62),(139,63),(139,64),(139,75),(139,76),(139,77),(139,82),(139,83),(139,85),(139,86),(139,88),(139,91),(139,93),(139,99),(139,103),(140,2),(140,3),(140,6),(140,7),(140,10),(140,13),(140,15),(140,23),(140,28),(140,30),(140,34),(140,36),(140,37),(140,44),(140,47),(140,51),(140,55),(140,61),(140,64),(140,71),(140,72),(140,73),(140,74),(140,76),(140,83),(140,84),(140,86),(140,88),(140,100),(140,109),(141,8),(141,14),(141,19),(141,20),(141,22),(141,27),(141,30),(141,32),(141,33),(141,38),(141,41),(141,43),(141,45),(141,48),(141,54),(141,56),(141,63),(141,64),(141,66),(141,68),(141,69),(141,77),(141,78),(141,80),(141,84),(141,92),(141,94),(141,98),(141,99),(141,106);
/*!40000 ALTER TABLE `exam_question` ENABLE KEYS */;
UNLOCK TABLES;

--
-- Table structure for table `groups_lessons`
--

DROP TABLE IF EXISTS `groups_lessons`;
/*!40101 SET @saved_cs_client     = @@character_set_client */;
/*!40101 SET character_set_client = utf8 */;
CREATE TABLE `groups_lessons` (
  `lesson_id` int(11) NOT NULL,
  `group_id` int(11) NOT NULL,
  PRIMARY KEY (`lesson_id`,`group_id`),
  KEY `IDX_26FFC46CCDF80196` (`lesson_id`),
  KEY `IDX_26FFC46CFE54D947` (`group_id`),
  CONSTRAINT `FK_26FFC46CCDF80196` FOREIGN KEY (`lesson_id`) REFERENCES `lesson` (`id`) ON DELETE CASCADE,
  CONSTRAINT `FK_26FFC46CFE54D947` FOREIGN KEY (`group_id`) REFERENCES `stud_group` (`id`) ON DELETE CASCADE
) ENGINE=InnoDB DEFAULT CHARSET=utf8 COLLATE=utf8_unicode_ci;
/*!40101 SET character_set_client = @saved_cs_client */;

--
-- Dumping data for table `groups_lessons`
--

LOCK TABLES `groups_lessons` WRITE;
/*!40000 ALTER TABLE `groups_lessons` DISABLE KEYS */;
INSERT INTO `groups_lessons` VALUES (1,3),(2,3),(2,4),(2,6),(2,7),(2,8),(3,1),(3,4),(3,7),(4,7),(5,4),(6,8),(7,8),(8,6),(9,1),(10,3),(11,3),(12,3),(13,4),(14,8),(15,6),(16,3),(17,7),(18,4),(19,6),(20,3),(21,7),(22,4),(23,8),(24,6),(25,3);
/*!40000 ALTER TABLE `groups_lessons` ENABLE KEYS */;
UNLOCK TABLES;

--
-- Table structure for table `lesson`
--

DROP TABLE IF EXISTS `lesson`;
/*!40101 SET @saved_cs_client     = @@character_set_client */;
/*!40101 SET character_set_client = utf8 */;
CREATE TABLE `lesson` (
  `id` int(11) NOT NULL AUTO_INCREMENT,
  `room_id` int(11) DEFAULT NULL,
  `date` date NOT NULL,
  `startTime` time NOT NULL,
  `endTime` time NOT NULL,
  `name` varchar(255) COLLATE utf8_unicode_ci NOT NULL,
  PRIMARY KEY (`id`),
  KEY `IDX_F87474F354177093` (`room_id`),
  CONSTRAINT `FK_F87474F354177093` FOREIGN KEY (`room_id`) REFERENCES `room` (`id`)
) ENGINE=InnoDB AUTO_INCREMENT=26 DEFAULT CHARSET=utf8 COLLATE=utf8_unicode_ci;
/*!40101 SET character_set_client = @saved_cs_client */;

--
-- Dumping data for table `lesson`
--

LOCK TABLES `lesson` WRITE;
/*!40000 ALTER TABLE `lesson` DISABLE KEYS */;
INSERT INTO `lesson` VALUES (1,1,'2017-09-14','10:25:00','12:05:00','ОС лаб'),(2,2,'2017-09-14','12:35:00','14:10:00','ОС лeк'),(3,1,'2017-09-14','10:05:00','11:00:00','ОС лeк'),(4,1,'2017-09-15','08:30:00','10:05:00','ОС лаб'),(5,1,'2017-09-15','12:35:00','14:10:00','ОС лаб'),(6,1,'2017-09-18','08:30:00','10:05:00','ОС лаб'),(7,3,'2017-09-18','10:25:00','12:05:00','ОС пр'),(8,1,'2017-09-18','12:35:00','14:10:00','ОС лаб'),(9,2,'2017-11-21','01:25:00','03:05:00','test1'),(10,1,'2017-11-21','07:30:00','11:50:00','test'),(11,1,'2017-11-23','00:00:00','08:25:00','te2'),(12,1,'2017-11-23','10:25:00','12:00:00','test lab 23 ауд 23.11'),(13,1,'2017-11-24','12:00:00','14:00:00','lab 23 46b'),(14,1,'2017-11-27','08:30:00','10:00:00','OS lab 96 27.11'),(15,NULL,'2017-11-27','12:30:00','14:00:00','OS 86a 27.11'),(16,1,'2017-11-30','10:30:00','12:00:00','OS 46a 30.11'),(17,1,'2017-12-01','08:30:00','10:00:00','OS 86b lab 23 1/12'),(18,1,'2017-12-01','12:30:00','14:00:00','OS 46b lab 23'),(19,1,'2017-12-04','12:30:00','14:00:00','OS 86a 4.12'),(20,1,'2017-12-07','10:00:00','12:00:00','OS 46a 7.12'),(21,1,'2017-12-08','08:30:00','10:00:00','os 86b 8.12'),(22,1,'2017-12-08','12:00:00','14:00:00','ос 46б 8.12'),(23,1,'2017-12-11','09:00:00','12:00:00','OS 96 11.12'),(24,1,'2017-12-11','12:00:00','14:00:00','ОС 86а 11.12'),(25,1,'2017-12-14','10:00:00','12:00:00','OS 46a 14.12');
/*!40000 ALTER TABLE `lesson` ENABLE KEYS */;
UNLOCK TABLES;

--
-- Table structure for table `location`
--

DROP TABLE IF EXISTS `location`;
/*!40101 SET @saved_cs_client     = @@character_set_client */;
/*!40101 SET character_set_client = utf8 */;
CREATE TABLE `location` (
  `id` int(11) NOT NULL AUTO_INCREMENT,
  `user_id` int(11) DEFAULT NULL,
  `latitude` decimal(15,12) NOT NULL,
  `longitude` decimal(15,12) NOT NULL,
  `user_agent` varchar(255) COLLATE utf8_unicode_ci DEFAULT NULL,
  PRIMARY KEY (`id`),
  KEY `IDX_5E9E89CBA76ED395` (`user_id`),
  CONSTRAINT `FK_5E9E89CBA76ED395` FOREIGN KEY (`user_id`) REFERENCES `user` (`id`)
) ENGINE=InnoDB AUTO_INCREMENT=507 DEFAULT CHARSET=utf8 COLLATE=utf8_unicode_ci;
/*!40101 SET character_set_client = @saved_cs_client */;

--
-- Dumping data for table `location`
--

LOCK TABLES `location` WRITE;
/*!40000 ALTER TABLE `location` DISABLE KEYS */;
INSERT INTO `location` VALUES (83,6,50.026140300000,36.336572100000,'Mozilla/5.0 (Linux; Android 6.0; MX6 Build/MRA58K) AppleWebKit/537.36 (KHTML, like Gecko) Chrome/60.0.3112.116 Mobile Safari/537.36'),(84,6,50.026140300000,36.336572100000,'Mozilla/5.0 (Linux; Android 6.0; MX6 Build/MRA58K) AppleWebKit/537.36 (KHTML, like Gecko) Chrome/60.0.3112.116 Mobile Safari/537.36'),(85,6,50.027539200000,36.339087700000,'Mozilla/5.0 (Linux; Android 6.0; MX6 Build/MRA58K) AppleWebKit/537.36 (KHTML, like Gecko) Chrome/60.0.3112.116 Mobile Safari/537.36'),(86,6,50.029402700000,36.341914900000,'Mozilla/5.0 (Linux; Android 6.0; MX6 Build/MRA58K) AppleWebKit/537.36 (KHTML, like Gecko) Chrome/60.0.3112.116 Mobile Safari/537.36'),(87,6,50.030227800000,36.340466000000,'Mozilla/5.0 (Linux; Android 6.0; MX6 Build/MRA58K) AppleWebKit/537.36 (KHTML, like Gecko) Chrome/60.0.3112.116 Mobile Safari/537.36'),(88,6,50.030227100000,36.342891500000,'Mozilla/5.0 (Linux; Android 6.0; MX6 Build/MRA58K) AppleWebKit/537.36 (KHTML, like Gecko) Chrome/60.0.3112.116 Mobile Safari/537.36'),(89,6,50.030871800000,36.343216400000,'Mozilla/5.0 (Linux; Android 6.0; MX6 Build/MRA58K) AppleWebKit/537.36 (KHTML, like Gecko) Chrome/60.0.3112.116 Mobile Safari/537.36'),(90,6,50.030896800000,36.343211200000,'Mozilla/5.0 (Linux; Android 6.0; MX6 Build/MRA58K) AppleWebKit/537.36 (KHTML, like Gecko) Chrome/60.0.3112.116 Mobile Safari/537.36'),(91,6,49.993500000000,36.230383000000,'Mozilla/5.0 (X11; Linux x86_64) AppleWebKit/537.36 (KHTML, like Gecko) Chrome/59.0.3071.86 Safari/537.36'),(92,6,49.993500000000,36.230383000000,'Mozilla/5.0 (X11; Linux x86_64) AppleWebKit/537.36 (KHTML, like Gecko) Chrome/59.0.3071.86 Safari/537.36'),(93,6,49.993500000000,36.230383000000,'Mozilla/5.0 (X11; Linux x86_64) AppleWebKit/537.36 (KHTML, like Gecko) Chrome/59.0.3071.86 Safari/537.36'),(94,6,49.993500000000,36.230383000000,'Mozilla/5.0 (X11; Linux x86_64) AppleWebKit/537.36 (KHTML, like Gecko) Chrome/59.0.3071.86 Safari/537.36'),(95,7,50.001008700000,36.251642100000,'Mozilla/5.0 (Linux; Android 5.1; m2 Build/LMY47D) AppleWebKit/537.36 (KHTML, like Gecko) Chrome/52.0.2743.98 Mobile Safari/537.36'),(96,7,50.001008700000,36.251642100000,'Mozilla/5.0 (Linux; Android 5.1; m2 Build/LMY47D) AppleWebKit/537.36 (KHTML, like Gecko) Chrome/52.0.2743.98 Mobile Safari/537.36'),(97,6,49.993500000000,36.230383000000,'Mozilla/5.0 (X11; Linux x86_64) AppleWebKit/537.36 (KHTML, like Gecko) Chrome/59.0.3071.86 Safari/537.36'),(98,13,50.001008700000,36.251642100000,'Mozilla/5.0 (Linux; Android 5.1; m3 note Build/LMY47I) AppleWebKit/537.36 (KHTML, like Gecko) Chrome/60.0.3112.116 Mobile Safari/537.36'),(99,13,50.001008700000,36.251642100000,'Mozilla/5.0 (Linux; Android 5.1; m3 note Build/LMY47I) AppleWebKit/537.36 (KHTML, like Gecko) Chrome/60.0.3112.116 Mobile Safari/537.36'),(100,10,50.001008700000,36.251642100000,'Mozilla/5.0 (Linux; Android 5.1; MZ-m3 note Build/LMY47I) AppleWebKit/537.36 (KHTML, like Gecko) Version/4.0 Chrome/45.0.2454.94 Mobile Safari/537.36'),(101,12,50.001008700000,36.251642100000,'Mozilla/5.0 (Linux; Android 4.4.2; SM-G7102 Build/KOT49H) AppleWebKit/537.36 (KHTML, like Gecko) Chrome/60.0.3112.116 Mobile Safari/537.36'),(102,9,50.001028700000,36.251714400000,'Mozilla/5.0 (Linux; Android 4.4.2; Lenovo S960 Build/KOT49H) AppleWebKit/537.36 (KHTML, like Gecko) Chrome/60.0.3112.116 Mobile Safari/537.36'),(103,10,50.001028700000,36.251714400000,'Mozilla/5.0 (Linux; Android 5.1; MZ-m3 note Build/LMY47I) AppleWebKit/537.36 (KHTML, like Gecko) Version/4.0 Chrome/45.0.2454.94 Mobile Safari/537.36'),(104,14,50.000673700000,36.254774000000,'Mozilla/5.0 (Linux; U; Android 4.4.2; en-us; Lenovo S580 Build/KVT49L) AppleWebKit/534.30 (KHTML, like Gecko) Version/4.0 Mobile Safari/534.30'),(105,11,50.001008700000,36.251642100000,'Mozilla/5.0 (Linux; U; Android 5.1; ru; Lenovo P1ma40 Build/LMY47D) AppleWebKit/534.30 (KHTML, like Gecko) Version/4.0 UCBrowser/9.9.2.467 U3/0.8.0 Mobile Safari/534.30'),(106,14,50.001008700000,36.251642100000,'Mozilla/5.0 (Linux; U; Android 4.4.2; en-us; Lenovo S580 Build/KVT49L) AppleWebKit/534.30 (KHTML, like Gecko) Version/4.0 Mobile Safari/534.30'),(107,15,10.000000000000,0.000000000000,'Mozilla/5.0 (Linux; Android 6.0; MZ-M5c Build/MRA58K) AppleWebKit/537.36 (KHTML, like Gecko) Version/4.0 Chrome/45.0.2454.94 Mobile Safari/537.36'),(108,15,10.000000000000,0.000000000000,'Mozilla/5.0 (Linux; Android 6.0; MZ-M5c Build/MRA58K) AppleWebKit/537.36 (KHTML, like Gecko) Version/4.0 Chrome/45.0.2454.94 Mobile Safari/537.36'),(109,15,10.000000000000,0.000000000000,'Mozilla/5.0 (Linux; Android 6.0; MZ-M5c Build/MRA58K) AppleWebKit/537.36 (KHTML, like Gecko) Version/4.0 Chrome/45.0.2454.94 Mobile Safari/537.36'),(110,15,10.000000000000,0.000000000000,'Mozilla/5.0 (Linux; Android 6.0; MZ-M5c Build/MRA58K) AppleWebKit/537.36 (KHTML, like Gecko) Version/4.0 Chrome/45.0.2454.94 Mobile Safari/537.36'),(111,15,10.000000000000,0.000000000000,'Mozilla/5.0 (Linux; Android 6.0; MZ-M5c Build/MRA58K) AppleWebKit/537.36 (KHTML, like Gecko) Version/4.0 Chrome/45.0.2454.94 Mobile Safari/537.36'),(112,15,10.000000000000,0.000000000000,'Mozilla/5.0 (Linux; Android 6.0; MZ-M5c Build/MRA58K) AppleWebKit/537.36 (KHTML, like Gecko) Version/4.0 Chrome/45.0.2454.94 Mobile Safari/537.36'),(113,15,10.000000000000,0.000000000000,'Mozilla/5.0 (Linux; Android 6.0; MZ-M5c Build/MRA58K) AppleWebKit/537.36 (KHTML, like Gecko) Version/4.0 Chrome/45.0.2454.94 Mobile Safari/537.36'),(114,16,50.001574511899,36.251495895788,'Mozilla/5.0 (Macintosh; Intel Mac OS X 10_12_4) AppleWebKit/603.1.30 (KHTML, like Gecko) Version/10.1 Safari/603.1.30'),(115,15,10.000000000000,0.000000000000,'Mozilla/5.0 (Linux; Android 6.0; MZ-M5c Build/MRA58K) AppleWebKit/537.36 (KHTML, like Gecko) Version/4.0 Chrome/45.0.2454.94 Mobile Safari/537.36'),(116,15,10.000000000000,0.000000000000,'Mozilla/5.0 (Linux; Android 6.0; MZ-M5c Build/MRA58K) AppleWebKit/537.36 (KHTML, like Gecko) Version/4.0 Chrome/45.0.2454.94 Mobile Safari/537.36'),(117,15,10.000000000000,0.000000000000,'Mozilla/5.0 (Linux; Android 6.0; MZ-M5c Build/MRA58K) AppleWebKit/537.36 (KHTML, like Gecko) Version/4.0 Chrome/45.0.2454.94 Mobile Safari/537.36'),(118,8,50.001008700000,36.251642100000,'Mozilla/5.0 (X11; Linux x86_64) AppleWebKit/534.24 (KHTML, like Gecko) Chrome/11.0.696.34 Safari/534.24'),(119,16,50.001423535307,36.251415338761,'Mozilla/5.0 (Macintosh; Intel Mac OS X 10_12_4) AppleWebKit/603.1.30 (KHTML, like Gecko) Version/10.1 Safari/603.1.30'),(120,17,50.003481800000,36.251185600000,'Mozilla/5.0 (Linux; Android 5.1.1; SM-J120H Build/LMY47V) AppleWebKit/537.36 (KHTML, like Gecko) Chrome/60.0.3112.116 Mobile Safari/537.36'),(121,17,50.003481800000,36.251185600000,'Mozilla/5.0 (Linux; Android 5.1.1; SM-J120H Build/LMY47V) AppleWebKit/537.36 (KHTML, like Gecko) Chrome/60.0.3112.116 Mobile Safari/537.36'),(122,17,50.003481800000,36.251185600000,'Mozilla/5.0 (Linux; Android 5.1.1; SM-J120H Build/LMY47V) AppleWebKit/537.36 (KHTML, like Gecko) Chrome/60.0.3112.116 Mobile Safari/537.36'),(123,16,50.001423535307,36.251415338761,'Mozilla/5.0 (Macintosh; Intel Mac OS X 10_12_4) AppleWebKit/603.1.30 (KHTML, like Gecko) Version/10.1 Safari/603.1.30'),(124,17,50.001372450174,36.251408386651,'Mozilla/5.0 (Macintosh; Intel Mac OS X 10_12_4) AppleWebKit/603.1.30 (KHTML, like Gecko) Version/10.1 Safari/603.1.30'),(125,19,50.001008700000,36.251642100000,'Mozilla/5.0 (Linux; Android 6.0; MZ-U20 Build/MRA58K) AppleWebKit/537.36 (KHTML, like Gecko) Version/4.0 Chrome/45.0.2454.94 Mobile Safari/537.36'),(126,11,50.001028700000,36.251714400000,'Mozilla/5.0 (Linux; U; Android 5.1; ru; Lenovo P1ma40 Build/LMY47D) AppleWebKit/534.30 (KHTML, like Gecko) Version/4.0 UCBrowser/9.9.2.467 U3/0.8.0 Mobile Safari/534.30'),(127,16,50.002272200000,36.250988600000,'Mozilla/5.0 (Linux; Android 4.2.2; HUAWEI Y600-U20 Build/HUAWEIY600-U20) AppleWebKit/537.36 (KHTML, like Gecko) Chrome/58.0.3029.83 Mobile Safari/537.36'),(128,19,50.001008700000,36.251642100000,'Mozilla/5.0 (Linux; Android 6.0; MZ-U20 Build/MRA58K) AppleWebKit/537.36 (KHTML, like Gecko) Version/4.0 Chrome/45.0.2454.94 Mobile Safari/537.36'),(129,14,50.001008700000,36.251642100000,'Mozilla/5.0 (Linux; U; Android 4.4.2; en-us; Lenovo S580 Build/KVT49L) AppleWebKit/534.30 (KHTML, like Gecko) Version/4.0 Mobile Safari/534.30'),(130,14,50.001008700000,36.251642100000,'Mozilla/5.0 (Linux; Android 4.4.2; Lenovo S580 Build/KVT49L) AppleWebKit/537.36 (KHTML, like Gecko) Chrome/60.0.3112.116 Mobile Safari/537.36'),(131,20,50.001398170000,36.250850590000,'Mozilla/5.0 (Macintosh; Intel Mac OS X 10_12_4) AppleWebKit/603.1.30 (KHTML, like Gecko) Version/10.1 Safari/603.1.30'),(132,14,50.005064200000,36.248496100000,'Mozilla/5.0 (Linux; Android 4.4.2; Lenovo S580 Build/KVT49L) AppleWebKit/537.36 (KHTML, like Gecko) Chrome/60.0.3112.116 Mobile Safari/537.36'),(133,14,50.005064200000,36.248496100000,'Mozilla/5.0 (Linux; Android 4.4.2; Lenovo S580 Build/KVT49L) AppleWebKit/537.36 (KHTML, like Gecko) Chrome/60.0.3112.116 Mobile Safari/537.36'),(134,14,50.001008700000,36.251642100000,'Mozilla/5.0 (Linux; Android 4.4.2; Lenovo S580 Build/KVT49L) AppleWebKit/537.36 (KHTML, like Gecko) Chrome/60.0.3112.116 Mobile Safari/537.36'),(135,8,50.001008700000,36.251642100000,'Mozilla/5.0 (X11; Linux x86_64) AppleWebKit/534.24 (KHTML, like Gecko) Chrome/11.0.696.34 Safari/534.24'),(136,10,50.001008700000,36.251642100000,'Mozilla/5.0 (Linux; Android 5.1; MZ-m3 note Build/LMY47I) AppleWebKit/537.36 (KHTML, like Gecko) Version/4.0 Chrome/45.0.2454.94 Mobile Safari/537.36'),(137,10,50.001008700000,36.251642100000,'Mozilla/5.0 (Linux; Android 5.1; MZ-m3 note Build/LMY47I) AppleWebKit/537.36 (KHTML, like Gecko) Version/4.0 Chrome/45.0.2454.94 Mobile Safari/537.36'),(138,18,50.001008700000,36.251642100000,'Mozilla/5.0 (Linux; Android 5.1; MZ-m3 note Build/LMY47I) AppleWebKit/537.36 (KHTML, like Gecko) Version/4.0 Chrome/45.0.2454.94 Mobile Safari/537.36'),(139,8,50.001008700000,36.251642100000,'Mozilla/5.0 (X11; Linux x86_64) AppleWebKit/534.24 (KHTML, like Gecko) Chrome/11.0.696.34 Safari/534.24'),(140,16,49.997208400000,36.252090200000,'Mozilla/5.0 (Linux; Android 4.2.2; HUAWEI Y600-U20 Build/HUAWEIY600-U20) AppleWebKit/537.36 (KHTML, like Gecko) Chrome/58.0.3029.83 Mobile Safari/537.36'),(141,16,49.997208400000,36.252090200000,'Mozilla/5.0 (Linux; Android 4.2.2; HUAWEI Y600-U20 Build/HUAWEIY600-U20) AppleWebKit/537.36 (KHTML, like Gecko) Chrome/58.0.3029.83 Mobile Safari/537.36'),(142,16,49.997208400000,36.252090200000,'Mozilla/5.0 (Linux; Android 4.2.2; HUAWEI Y600-U20 Build/HUAWEIY600-U20) AppleWebKit/537.36 (KHTML, like Gecko) Chrome/58.0.3029.83 Mobile Safari/537.36'),(143,16,49.997208400000,36.252090200000,'Mozilla/5.0 (Linux; Android 4.2.2; HUAWEI Y600-U20 Build/HUAWEIY600-U20) AppleWebKit/537.36 (KHTML, like Gecko) Chrome/58.0.3029.83 Mobile Safari/537.36'),(144,16,49.997208400000,36.252090200000,'Mozilla/5.0 (Linux; Android 4.2.2; HUAWEI Y600-U20 Build/HUAWEIY600-U20) AppleWebKit/537.36 (KHTML, like Gecko) Chrome/58.0.3029.83 Mobile Safari/537.36'),(145,16,49.997208400000,36.252090200000,'Mozilla/5.0 (Linux; Android 4.2.2; HUAWEI Y600-U20 Build/HUAWEIY600-U20) AppleWebKit/537.36 (KHTML, like Gecko) Chrome/58.0.3029.83 Mobile Safari/537.36'),(146,16,49.997208400000,36.252090200000,'Mozilla/5.0 (Linux; Android 4.2.2; HUAWEI Y600-U20 Build/HUAWEIY600-U20) AppleWebKit/537.36 (KHTML, like Gecko) Chrome/58.0.3029.83 Mobile Safari/537.36'),(147,16,49.997208400000,36.252090200000,'Mozilla/5.0 (Linux; Android 4.2.2; HUAWEI Y600-U20 Build/HUAWEIY600-U20) AppleWebKit/537.36 (KHTML, like Gecko) Chrome/58.0.3029.83 Mobile Safari/537.36'),(148,13,49.998899800000,36.251302800000,'Mozilla/5.0 (Linux; Android 5.1; m3 note Build/LMY47I) AppleWebKit/537.36 (KHTML, like Gecko) Chrome/60.0.3112.116 Mobile Safari/537.36'),(149,16,49.997208400000,36.252090200000,'Mozilla/5.0 (Linux; Android 4.2.2; HUAWEI Y600-U20 Build/HUAWEIY600-U20) AppleWebKit/537.36 (KHTML, like Gecko) Chrome/58.0.3029.83 Mobile Safari/537.36'),(150,8,49.917856800000,36.403732400000,'Mozilla/5.0 (X11; Linux x86_64) AppleWebKit/534.24 (KHTML, like Gecko) Chrome/11.0.696.34 Safari/534.24'),(151,12,49.993077500000,36.250255100000,'Mozilla/5.0 (Linux; Android 4.4.2; SM-G7102 Build/KOT49H) AppleWebKit/537.36 (KHTML, like Gecko) Chrome/60.0.3112.116 Mobile Safari/537.36'),(152,21,50.005926300000,36.247287400000,'Mozilla/5.0 (Linux; Android 5.1; Lenovo P70-A Build/LMY47D) AppleWebKit/537.36 (KHTML, like Gecko) Chrome/60.0.3112.116 Mobile Safari/537.36'),(153,21,50.005926400000,36.247424400000,'Mozilla/5.0 (Linux; Android 5.1; Lenovo P70-A Build/LMY47D) AppleWebKit/537.36 (KHTML, like Gecko) Chrome/60.0.3112.116 Mobile Safari/537.36'),(154,16,49.997208400000,36.252090200000,'Mozilla/5.0 (Linux; Android 4.2.2; HUAWEI Y600-U20 Build/HUAWEIY600-U20) AppleWebKit/537.36 (KHTML, like Gecko) Chrome/58.0.3029.83 Mobile Safari/537.36'),(155,16,49.997208400000,36.252090200000,'Mozilla/5.0 (Linux; Android 4.2.2; HUAWEI Y600-U20 Build/HUAWEIY600-U20) AppleWebKit/537.36 (KHTML, like Gecko) Chrome/58.0.3029.83 Mobile Safari/537.36'),(156,16,49.997208400000,36.252090200000,'Mozilla/5.0 (Linux; Android 4.2.2; HUAWEI Y600-U20 Build/HUAWEIY600-U20) AppleWebKit/537.36 (KHTML, like Gecko) Chrome/58.0.3029.83 Mobile Safari/537.36'),(157,9,49.993370500000,36.249651800000,'Mozilla/5.0 (Linux; Android 4.4.2; Lenovo S960 Build/KOT49H) AppleWebKit/537.36 (KHTML, like Gecko) Chrome/60.0.3112.116 Mobile Safari/537.36'),(158,22,49.993779400000,36.252665700000,'Mozilla/5.0 (Linux; U; Android 4.2.2; ru-ru; GT-I9500 Build/JDQ39) AppleWebKit/534.30 (KHTML, like Gecko) Version/4.0 Mobile Safari/534.30'),(159,16,49.997208400000,36.252090200000,'Mozilla/5.0 (Linux; Android 4.2.2; HUAWEI Y600-U20 Build/HUAWEIY600-U20) AppleWebKit/537.36 (KHTML, like Gecko) Chrome/58.0.3029.83 Mobile Safari/537.36'),(160,16,49.997208400000,36.252090200000,'Mozilla/5.0 (Linux; Android 4.2.2; HUAWEI Y600-U20 Build/HUAWEIY600-U20) AppleWebKit/537.36 (KHTML, like Gecko) Chrome/58.0.3029.83 Mobile Safari/537.36'),(161,9,49.994040600000,36.255765100000,'Mozilla/5.0 (Linux; Android 4.4.2; Lenovo S960 Build/KOT49H) AppleWebKit/537.36 (KHTML, like Gecko) Chrome/60.0.3112.116 Mobile Safari/537.36'),(162,16,49.997208400000,36.252090200000,'Mozilla/5.0 (Linux; Android 4.2.2; HUAWEI Y600-U20 Build/HUAWEIY600-U20) AppleWebKit/537.36 (KHTML, like Gecko) Chrome/58.0.3029.83 Mobile Safari/537.36'),(163,25,49.995849830828,36.251430333173,'Mozilla/5.0 (iPhone; CPU iPhone OS 10_3_3 like Mac OS X) AppleWebKit/603.3.8 (KHTML, like Gecko) Version/10.0 Mobile/14G60 Safari/602.1'),(164,16,49.997208400000,36.252090200000,'Mozilla/5.0 (Linux; Android 4.2.2; HUAWEI Y600-U20 Build/HUAWEIY600-U20) AppleWebKit/537.36 (KHTML, like Gecko) Chrome/58.0.3029.83 Mobile Safari/537.36'),(165,11,49.998899800000,36.251302800000,'Mozilla/5.0 (Linux; Android 5.1; Lenovo P1ma40 Build/LMY47D) AppleWebKit/537.36 (KHTML, like Gecko) Chrome/59.0.3071.125 Mobile Safari/537.36'),(166,16,49.997208400000,36.252090200000,'Mozilla/5.0 (Linux; Android 4.2.2; HUAWEI Y600-U20 Build/HUAWEIY600-U20) AppleWebKit/537.36 (KHTML, like Gecko) Chrome/58.0.3029.83 Mobile Safari/537.36'),(167,24,49.993788000000,36.252648800000,'Mozilla/5.0 (Linux; Android 5.1; M3s Build/LMY47I) AppleWebKit/537.36 (KHTML, like Gecko) Chrome/60.0.3112.116 Mobile Safari/537.36'),(168,22,49.993779400000,36.252665700000,'Mozilla/5.0 (Linux; U; Android 4.2.2; ru-ru; GT-I9500 Build/JDQ39) AppleWebKit/534.30 (KHTML, like Gecko) Version/4.0 Mobile Safari/534.30'),(169,27,49.982108800000,36.253884700000,'Mozilla/5.0 (Linux; Android 4.2.1; IQ4410 Quad Build/JOP40D) AppleWebKit/537.36 (KHTML, like Gecko) Chrome/60.0.3112.116 Mobile Safari/537.36'),(170,24,49.997155000000,36.252251300000,'Mozilla/5.0 (Linux; Android 5.1; M3s Build/LMY47I) AppleWebKit/537.36 (KHTML, like Gecko) Chrome/60.0.3112.116 Mobile Safari/537.36'),(171,28,50.005988700000,36.247274200000,'Mozilla/5.0 (Linux; Android 6.0; F3112 Build/33.2.B.4.70) AppleWebKit/537.36 (KHTML, like Gecko) Chrome/60.0.3112.116 Mobile Safari/537.36'),(172,27,49.982108800000,36.253884700000,'Mozilla/5.0 (Linux; Android 4.2.1; IQ4410 Quad Build/JOP40D) AppleWebKit/537.36 (KHTML, like Gecko) Chrome/60.0.3112.116 Mobile Safari/537.36'),(173,24,49.997155000000,36.252251300000,'Mozilla/5.0 (Linux; Android 5.1; M3s Build/LMY47I) AppleWebKit/537.36 (KHTML, like Gecko) Chrome/60.0.3112.116 Mobile Safari/537.36'),(174,27,49.982108800000,36.253884700000,'Mozilla/5.0 (Linux; Android 4.2.1; IQ4410 Quad Build/JOP40D) AppleWebKit/537.36 (KHTML, like Gecko) Chrome/60.0.3112.116 Mobile Safari/537.36'),(175,18,49.998368800000,36.251427600000,'Mozilla/5.0 (Linux; Android 5.1; Alfa 5 Build/LMY47D) AppleWebKit/537.36 (KHTML, like Gecko) Chrome/59.0.3071.125 Mobile Safari/537.36'),(176,18,49.998368800000,36.251427600000,'Mozilla/5.0 (Linux; Android 5.1; Alfa 5 Build/LMY47D) AppleWebKit/537.36 (KHTML, like Gecko) Chrome/59.0.3071.125 Mobile Safari/537.36'),(177,32,49.997569793566,36.254464067209,'Mozilla/5.0 (iPhone; CPU iPhone OS 7_1_2 like Mac OS X) AppleWebKit/537.51.2 (KHTML, like Gecko) Version/7.0 Mobile/11D257 Safari/9537.53'),(178,31,49.994016100000,36.255926900000,'Mozilla/5.0 (Linux; U; Android 2.3.3; uk-ua; GT-S5660 Build/GINGERBREAD) AppleWebKit/533.1 (KHTML, like Gecko) Version/4.0 Mobile Safari/533.1'),(179,24,49.997155000000,36.252251300000,'Mozilla/5.0 (Linux; Android 5.1; M3s Build/LMY47I) AppleWebKit/537.36 (KHTML, like Gecko) Chrome/60.0.3112.116 Mobile Safari/537.36'),(180,24,49.997155000000,36.252251300000,'Mozilla/5.0 (Linux; Android 5.1; M3s Build/LMY47I) AppleWebKit/537.36 (KHTML, like Gecko) Chrome/60.0.3112.116 Mobile Safari/537.36'),(181,27,49.982108800000,36.253884700000,'Mozilla/5.0 (Linux; Android 4.2.1; IQ4410 Quad Build/JOP40D) AppleWebKit/537.36 (KHTML, like Gecko) Chrome/60.0.3112.116 Mobile Safari/537.36'),(182,12,49.993077500000,36.250255100000,'Mozilla/5.0 (Linux; Android 4.4.2; SM-G7102 Build/KOT49H) AppleWebKit/537.36 (KHTML, like Gecko) Chrome/60.0.3112.116 Mobile Safari/537.36'),(183,22,49.993779400000,36.252665700000,'Mozilla/5.0 (Linux; U; Android 4.2.2; ru-ru; GT-I9500 Build/JDQ39) AppleWebKit/534.30 (KHTML, like Gecko) Version/4.0 Mobile Safari/534.30'),(184,31,49.992893800000,36.250106300000,'Mozilla/5.0 (Linux; U; Android 2.3.3; uk-ua; GT-S5660 Build/GINGERBREAD) AppleWebKit/533.1 (KHTML, like Gecko) Version/4.0 Mobile Safari/533.1'),(185,35,49.998273397459,36.251214193866,'Mozilla/5.0 (iPhone; CPU iPhone OS 10_3_3 like Mac OS X) AppleWebKit/603.3.8 (KHTML, like Gecko) Version/10.0 Mobile/14G60 Safari/602.1'),(186,36,49.995707128742,36.253985022017,'Mozilla/5.0 (iPhone; CPU iPhone OS 10_3_3 like Mac OS X) AppleWebKit/603.3.8 (KHTML, like Gecko) Version/10.0 Mobile/14G60 Safari/602.1'),(187,37,10.000000000000,0.000000000000,'Mozilla/5.0 (Linux; Android 6.0; MZ-MEIZU_M5 Build/MRA58K) AppleWebKit/537.36 (KHTML, like Gecko) Version/4.0 Chrome/45.0.2454.94 Mobile Safari/537.36'),(188,9,49.994040600000,36.255765100000,'Mozilla/5.0 (Linux; Android 4.4.2; Lenovo S960 Build/KOT49H) AppleWebKit/537.36 (KHTML, like Gecko) Chrome/60.0.3112.116 Mobile Safari/537.36'),(189,31,49.992893800000,36.250106300000,'Mozilla/5.0 (Linux; U; Android 2.3.3; uk-ua; GT-S5660 Build/GINGERBREAD) AppleWebKit/533.1 (KHTML, like Gecko) Version/4.0 Mobile Safari/533.1'),(190,37,10.000000000000,0.000000000000,'Mozilla/5.0 (Linux; Android 6.0; MZ-MEIZU_M5 Build/MRA58K) AppleWebKit/537.36 (KHTML, like Gecko) Version/4.0 Chrome/45.0.2454.94 Mobile Safari/537.36'),(191,31,49.992893800000,36.250106300000,'Mozilla/5.0 (Linux; U; Android 2.3.3; uk-ua; GT-S5660 Build/GINGERBREAD) AppleWebKit/533.1 (KHTML, like Gecko) Version/4.0 Mobile Safari/533.1'),(192,9,49.994040600000,36.255765100000,'Mozilla/5.0 (Linux; Android 4.4.2; Lenovo S960 Build/KOT49H) AppleWebKit/537.36 (KHTML, like Gecko) Chrome/60.0.3112.116 Mobile Safari/537.36'),(193,27,49.982108800000,36.253884700000,'Mozilla/5.0 (Linux; Android 4.2.1; IQ4410 Quad Build/JOP40D) AppleWebKit/537.36 (KHTML, like Gecko) Chrome/60.0.3112.116 Mobile Safari/537.36'),(194,31,49.992893800000,36.250106300000,'Mozilla/5.0 (Linux; U; Android 2.3.3; uk-ua; GT-S5660 Build/GINGERBREAD) AppleWebKit/533.1 (KHTML, like Gecko) Version/4.0 Mobile Safari/533.1'),(195,9,49.994040600000,36.255765100000,'Mozilla/5.0 (Linux; Android 4.4.2; Lenovo S960 Build/KOT49H) AppleWebKit/537.36 (KHTML, like Gecko) Chrome/60.0.3112.116 Mobile Safari/537.36'),(196,31,49.992893800000,36.250106300000,'Mozilla/5.0 (Linux; U; Android 2.3.3; uk-ua; GT-S5660 Build/GINGERBREAD) AppleWebKit/533.1 (KHTML, like Gecko) Version/4.0 Mobile Safari/533.1'),(197,36,49.995787951633,36.253922054376,'Mozilla/5.0 (iPhone; CPU iPhone OS 10_3_3 like Mac OS X) AppleWebKit/603.3.8 (KHTML, like Gecko) Version/10.0 Mobile/14G60 Safari/602.1'),(198,24,49.993559100000,36.253010100000,'Mozilla/5.0 (Linux; Android 5.1; M3s Build/LMY47I) AppleWebKit/537.36 (KHTML, like Gecko) Chrome/60.0.3112.116 Mobile Safari/537.36'),(199,31,49.993354800000,36.249640400000,'Mozilla/5.0 (Linux; U; Android 2.3.3; uk-ua; GT-S5660 Build/GINGERBREAD) AppleWebKit/533.1 (KHTML, like Gecko) Version/4.0 Mobile Safari/533.1'),(200,9,49.993370500000,36.249651800000,'Mozilla/5.0 (Linux; Android 4.4.2; Lenovo S960 Build/KOT49H) AppleWebKit/537.36 (KHTML, like Gecko) Chrome/60.0.3112.116 Mobile Safari/537.36'),(201,31,49.993354800000,36.249640400000,'Mozilla/5.0 (Linux; U; Android 2.3.3; uk-ua; GT-S5660 Build/GINGERBREAD) AppleWebKit/533.1 (KHTML, like Gecko) Version/4.0 Mobile Safari/533.1'),(202,9,49.993370500000,36.249651800000,'Mozilla/5.0 (Linux; Android 4.4.2; Lenovo S960 Build/KOT49H) AppleWebKit/537.36 (KHTML, like Gecko) Chrome/60.0.3112.116 Mobile Safari/537.36'),(203,9,49.993370500000,36.249651800000,'Mozilla/5.0 (Linux; Android 4.4.2; Lenovo S960 Build/KOT49H) AppleWebKit/537.36 (KHTML, like Gecko) Chrome/60.0.3112.116 Mobile Safari/537.36'),(204,12,49.985097600000,36.265097200000,'Mozilla/5.0 (Linux; Android 4.4.2; SM-G7102 Build/KOT49H) AppleWebKit/537.36 (KHTML, like Gecko) Chrome/60.0.3112.116 Mobile Safari/537.36'),(205,31,49.993354800000,36.249640400000,'Mozilla/5.0 (Linux; U; Android 2.3.3; uk-ua; GT-S5660 Build/GINGERBREAD) AppleWebKit/533.1 (KHTML, like Gecko) Version/4.0 Mobile Safari/533.1'),(206,12,49.985097600000,36.265097200000,'Mozilla/5.0 (Linux; Android 4.4.2; SM-G7102 Build/KOT49H) AppleWebKit/537.36 (KHTML, like Gecko) Chrome/60.0.3112.116 Mobile Safari/537.36'),(207,27,49.982103500000,36.253900300000,'Mozilla/5.0 (Linux; Android 4.2.1; IQ4410 Quad Build/JOP40D) AppleWebKit/537.36 (KHTML, like Gecko) Chrome/60.0.3112.116 Mobile Safari/537.36'),(208,9,49.993370500000,36.249651800000,'Mozilla/5.0 (Linux; Android 4.4.2; Lenovo S960 Build/KOT49H) AppleWebKit/537.36 (KHTML, like Gecko) Chrome/60.0.3112.116 Mobile Safari/537.36'),(209,36,49.995791971904,36.253918740657,'Mozilla/5.0 (iPhone; CPU iPhone OS 10_3_3 like Mac OS X) AppleWebKit/603.3.8 (KHTML, like Gecko) Version/10.0 Mobile/14G60 Safari/602.1'),(210,27,49.982103500000,36.253900300000,'Mozilla/5.0 (Linux; Android 4.2.1; IQ4410 Quad Build/JOP40D) AppleWebKit/537.36 (KHTML, like Gecko) Chrome/60.0.3112.116 Mobile Safari/537.36'),(211,36,49.995796352526,36.253903952530,'Mozilla/5.0 (iPhone; CPU iPhone OS 10_3_3 like Mac OS X) AppleWebKit/603.3.8 (KHTML, like Gecko) Version/10.0 Mobile/14G60 Safari/602.1'),(212,36,49.995798508770,36.253896670577,'Mozilla/5.0 (iPhone; CPU iPhone OS 10_3_3 like Mac OS X) AppleWebKit/603.3.8 (KHTML, like Gecko) Version/10.0 Mobile/14G60 Safari/602.1'),(213,27,49.982103500000,36.253900300000,'Mozilla/5.0 (Linux; Android 4.2.1; IQ4410 Quad Build/JOP40D) AppleWebKit/537.36 (KHTML, like Gecko) Chrome/60.0.3112.116 Mobile Safari/537.36'),(214,9,49.993370500000,36.249651800000,'Mozilla/5.0 (Linux; Android 4.4.2; Lenovo S960 Build/KOT49H) AppleWebKit/537.36 (KHTML, like Gecko) Chrome/60.0.3112.116 Mobile Safari/537.36'),(215,31,49.993354800000,36.249640400000,'Mozilla/5.0 (Linux; U; Android 2.3.3; uk-ua; GT-S5660 Build/GINGERBREAD) AppleWebKit/533.1 (KHTML, like Gecko) Version/4.0 Mobile Safari/533.1'),(216,10,49.998368800000,36.251427600000,'Mozilla/5.0 (Linux; Android 5.1; MZ-m3 note Build/LMY47I) AppleWebKit/537.36 (KHTML, like Gecko) Version/4.0 Chrome/45.0.2454.94 Mobile Safari/537.36'),(217,29,49.998899800000,36.251302800000,'Mozilla/5.0 (X11; Linux x86_64) AppleWebKit/537.36 (KHTML, like Gecko) Chrome/60.0.3112.116 Safari/537.36'),(218,24,49.993559100000,36.253010100000,'Mozilla/5.0 (Linux; Android 5.1; M3s Build/LMY47I) AppleWebKit/537.36 (KHTML, like Gecko) Chrome/60.0.3112.116 Mobile Safari/537.36'),(219,29,49.998899800000,36.251302800000,'Mozilla/5.0 (X11; Linux x86_64) AppleWebKit/537.36 (KHTML, like Gecko) Chrome/60.0.3112.116 Safari/537.36'),(220,31,49.992893800000,36.250106300000,'Mozilla/5.0 (Linux; U; Android 2.3.3; uk-ua; GT-S5660 Build/GINGERBREAD) AppleWebKit/533.1 (KHTML, like Gecko) Version/4.0 Mobile Safari/533.1'),(221,15,49.992996900000,36.249455900000,'Mozilla/5.0 (Linux; Android 5.1; MZ-m3 note Build/LMY47I) AppleWebKit/537.36 (KHTML, like Gecko) Version/4.0 Chrome/45.0.2454.94 Mobile Safari/537.36'),(222,15,49.998368800000,36.251427600000,'Mozilla/5.0 (Linux; Android 5.1; MZ-m3 note Build/LMY47I) AppleWebKit/537.36 (KHTML, like Gecko) Version/4.0 Chrome/45.0.2454.94 Mobile Safari/537.36'),(223,24,49.993559100000,36.253010100000,'Mozilla/5.0 (Linux; Android 5.1; M3s Build/LMY47I) AppleWebKit/537.36 (KHTML, like Gecko) Chrome/60.0.3112.116 Mobile Safari/537.36'),(224,29,49.998899800000,36.251302800000,'Mozilla/5.0 (X11; Linux x86_64) AppleWebKit/537.36 (KHTML, like Gecko) Chrome/60.0.3112.116 Safari/537.36'),(225,24,49.993559100000,36.253010100000,'Mozilla/5.0 (Linux; Android 5.1; M3s Build/LMY47I) AppleWebKit/537.36 (KHTML, like Gecko) Chrome/60.0.3112.116 Mobile Safari/537.36'),(226,29,49.998329700000,36.251675500000,'Mozilla/5.0 (X11; Linux x86_64) AppleWebKit/537.36 (KHTML, like Gecko) Chrome/60.0.3112.116 Safari/537.36'),(227,36,49.998588610098,36.250851300154,'Mozilla/5.0 (iPhone; CPU iPhone OS 10_3_3 like Mac OS X) AppleWebKit/603.3.8 (KHTML, like Gecko) Version/10.0 Mobile/14G60 Safari/602.1'),(228,9,49.993370500000,36.249651800000,'Mozilla/5.0 (Linux; Android 4.4.2; Lenovo S960 Build/KOT49H) AppleWebKit/537.36 (KHTML, like Gecko) Chrome/60.0.3112.116 Mobile Safari/537.36'),(229,22,49.993683900000,36.253137900000,'Mozilla/5.0 (Linux; U; Android 4.2.2; ru-ru; GT-I9500 Build/JDQ39) AppleWebKit/534.30 (KHTML, like Gecko) Version/4.0 Mobile Safari/534.30'),(230,31,49.992889200000,36.249591300000,'Mozilla/5.0 (Linux; U; Android 2.3.3; uk-ua; GT-S5660 Build/GINGERBREAD) AppleWebKit/533.1 (KHTML, like Gecko) Version/4.0 Mobile Safari/533.1'),(231,27,49.982103500000,36.253900300000,'Mozilla/5.0 (Linux; Android 4.2.1; IQ4410 Quad Build/JOP40D) AppleWebKit/537.36 (KHTML, like Gecko) Chrome/60.0.3112.116 Mobile Safari/537.36'),(232,22,49.993613900000,36.253179200000,'Mozilla/5.0 (Linux; U; Android 4.2.2; ru-ru; GT-I9500 Build/JDQ39) AppleWebKit/534.30 (KHTML, like Gecko) Version/4.0 Mobile Safari/534.30'),(233,22,49.993543900000,36.253220600000,'Mozilla/5.0 (Linux; U; Android 4.2.2; ru-ru; GT-I9500 Build/JDQ39) AppleWebKit/534.30 (KHTML, like Gecko) Version/4.0 Mobile Safari/534.30'),(234,27,49.982103500000,36.253900300000,'Mozilla/5.0 (Linux; Android 4.2.1; IQ4410 Quad Build/JOP40D) AppleWebKit/537.36 (KHTML, like Gecko) Chrome/60.0.3112.116 Mobile Safari/537.36'),(235,12,49.994040600000,36.255765100000,'Mozilla/5.0 (Linux; Android 4.4.2; SM-G7102 Build/KOT49H) AppleWebKit/537.36 (KHTML, like Gecko) Chrome/60.0.3112.116 Mobile Safari/537.36'),(236,9,49.993370500000,36.249651800000,'Mozilla/5.0 (Linux; Android 4.4.2; Lenovo S960 Build/KOT49H) AppleWebKit/537.36 (KHTML, like Gecko) Chrome/60.0.3112.116 Mobile Safari/537.36'),(237,9,49.993077500000,36.250255100000,'Mozilla/5.0 (Linux; Android 4.4.2; Lenovo S960 Build/KOT49H) AppleWebKit/537.36 (KHTML, like Gecko) Chrome/60.0.3112.116 Mobile Safari/537.36'),(238,15,49.993396400000,36.249371600000,'Mozilla/5.0 (Linux; Android 6.0; MZ-M5c Build/MRA58K) AppleWebKit/537.36 (KHTML, like Gecko) Version/4.0 Chrome/45.0.2454.94 Mobile Safari/537.36'),(239,15,49.998899800000,36.251302800000,'Mozilla/5.0 (Linux; Android 6.0; MZ-M5c Build/MRA58K) AppleWebKit/537.36 (KHTML, like Gecko) Version/4.0 Chrome/45.0.2454.94 Mobile Safari/537.36'),(240,15,49.993396400000,36.249371600000,'Mozilla/5.0 (Linux; Android 6.0; MZ-M5c Build/MRA58K) AppleWebKit/537.36 (KHTML, like Gecko) Version/4.0 Chrome/45.0.2454.94 Mobile Safari/537.36'),(241,15,49.998899800000,36.251302800000,'Mozilla/5.0 (Linux; Android 6.0; MZ-M5c Build/MRA58K) AppleWebKit/537.36 (KHTML, like Gecko) Version/4.0 Chrome/45.0.2454.94 Mobile Safari/537.36'),(242,15,49.998899800000,36.251302800000,'Mozilla/5.0 (Linux; Android 6.0; MZ-M5c Build/MRA58K) AppleWebKit/537.36 (KHTML, like Gecko) Version/4.0 Chrome/45.0.2454.94 Mobile Safari/537.36'),(243,15,49.998899800000,36.251302800000,'Mozilla/5.0 (Linux; Android 6.0; MZ-M5c Build/MRA58K) AppleWebKit/537.36 (KHTML, like Gecko) Version/4.0 Chrome/45.0.2454.94 Mobile Safari/537.36'),(244,15,49.992513500000,36.251409500000,'Mozilla/5.0 (Linux; Android 6.0; MZ-M5c Build/MRA58K) AppleWebKit/537.36 (KHTML, like Gecko) Version/4.0 Chrome/45.0.2454.94 Mobile Safari/537.36'),(245,15,49.998899800000,36.251302800000,'Mozilla/5.0 (Linux; Android 6.0; MZ-M5c Build/MRA58K) AppleWebKit/537.36 (KHTML, like Gecko) Version/4.0 Chrome/45.0.2454.94 Mobile Safari/537.36'),(246,15,49.998899800000,36.251302800000,'Mozilla/5.0 (Linux; Android 6.0; MZ-M5c Build/MRA58K) AppleWebKit/537.36 (KHTML, like Gecko) Version/4.0 Chrome/45.0.2454.94 Mobile Safari/537.36'),(247,15,49.998368800000,36.251427600000,'Mozilla/5.0 (Linux; Android 6.0; MZ-M5c Build/MRA58K) AppleWebKit/537.36 (KHTML, like Gecko) Version/4.0 Chrome/45.0.2454.94 Mobile Safari/537.36'),(248,15,49.993396400000,36.249371600000,'Mozilla/5.0 (Linux; Android 6.0; MZ-M5c Build/MRA58K) AppleWebKit/537.36 (KHTML, like Gecko) Version/4.0 Chrome/45.0.2454.94 Mobile Safari/537.36'),(249,15,49.998899800000,36.251302800000,'Mozilla/5.0 (Linux; Android 6.0; MZ-M5c Build/MRA58K) AppleWebKit/537.36 (KHTML, like Gecko) Version/4.0 Chrome/45.0.2454.94 Mobile Safari/537.36'),(250,15,49.998899800000,36.251302800000,'Mozilla/5.0 (Linux; Android 6.0; MZ-M5c Build/MRA58K) AppleWebKit/537.36 (KHTML, like Gecko) Version/4.0 Chrome/45.0.2454.94 Mobile Safari/537.36'),(251,6,49.993500000000,36.230383000000,'Mozilla/5.0 (X11; Linux x86_64) AppleWebKit/537.36 (KHTML, like Gecko) Chrome/59.0.3071.86 Safari/537.36'),(252,6,49.993500000000,36.230383000000,'Mozilla/5.0 (X11; Linux x86_64) AppleWebKit/537.36 (KHTML, like Gecko) Chrome/59.0.3071.86 Safari/537.36'),(253,15,49.998368800000,36.251427600000,'Mozilla/5.0 (Linux; Android 5.1; MZ-m3 note Build/LMY47I) AppleWebKit/537.36 (KHTML, like Gecko) Version/4.0 Chrome/45.0.2454.94 Mobile Safari/537.36'),(254,24,49.993718600000,36.252568300000,'Mozilla/5.0 (Linux; Android 5.1; M3s Build/LMY47I) AppleWebKit/537.36 (KHTML, like Gecko) Chrome/60.0.3112.116 Mobile Safari/537.36'),(255,24,49.993718600000,36.252568300000,'Mozilla/5.0 (Linux; Android 5.1; M3s Build/LMY47I) AppleWebKit/537.36 (KHTML, like Gecko) Chrome/60.0.3112.116 Mobile Safari/537.36'),(256,31,49.992893800000,36.250106300000,'Mozilla/5.0 (Linux; U; Android 2.3.3; uk-ua; GT-S5660 Build/GINGERBREAD) AppleWebKit/533.1 (KHTML, like Gecko) Version/4.0 Mobile Safari/533.1'),(257,29,49.998252600000,36.251753500000,'Mozilla/5.0 (X11; Linux x86_64) AppleWebKit/537.36 (KHTML, like Gecko) Chrome/60.0.3112.116 Safari/537.36'),(258,9,49.994040600000,36.255765100000,'Mozilla/5.0 (Linux; Android 4.4.2; Lenovo S960 Build/KOT49H) AppleWebKit/537.36 (KHTML, like Gecko) Chrome/60.0.3112.116 Mobile Safari/537.36'),(259,9,49.994040600000,36.255765100000,'Mozilla/5.0 (Linux; Android 4.4.2; Lenovo S960 Build/KOT49H) AppleWebKit/537.36 (KHTML, like Gecko) Chrome/60.0.3112.116 Mobile Safari/537.36'),(260,31,49.992893800000,36.250106300000,'Mozilla/5.0 (Linux; U; Android 2.3.3; uk-ua; GT-S5660 Build/GINGERBREAD) AppleWebKit/533.1 (KHTML, like Gecko) Version/4.0 Mobile Safari/533.1'),(261,22,49.993683900000,36.253137900000,'Mozilla/5.0 (Linux; U; Android 4.2.2; ru-ru; GT-I9500 Build/JDQ39) AppleWebKit/534.30 (KHTML, like Gecko) Version/4.0 Mobile Safari/534.30'),(262,27,49.991009800000,36.272170300000,'Mozilla/5.0 (Linux; Android 4.2.1; IQ4410 Quad Build/JOP40D) AppleWebKit/537.36 (KHTML, like Gecko) Chrome/60.0.3112.116 Mobile Safari/537.36'),(263,22,49.993683900000,36.253137900000,'Mozilla/5.0 (Linux; U; Android 4.2.2; ru-ru; GT-I9500 Build/JDQ39) AppleWebKit/534.30 (KHTML, like Gecko) Version/4.0 Mobile Safari/534.30'),(264,13,49.998899800000,36.251302800000,'Mozilla/5.0 (Linux; Android 5.1; m3 note Build/LMY47I) AppleWebKit/537.36 (KHTML, like Gecko) Chrome/60.0.3112.116 Mobile Safari/537.36'),(265,36,49.995799137995,36.253904774667,'Mozilla/5.0 (iPhone; CPU iPhone OS 10_3_3 like Mac OS X) AppleWebKit/603.3.8 (KHTML, like Gecko) Version/10.0 Mobile/14G60 Safari/602.1'),(266,36,49.995799137995,36.253904774667,'Mozilla/5.0 (iPhone; CPU iPhone OS 10_3_3 like Mac OS X) AppleWebKit/603.3.8 (KHTML, like Gecko) Version/10.0 Mobile/14G60 Safari/602.1'),(267,36,49.995799137995,36.253904774667,'Mozilla/5.0 (iPhone; CPU iPhone OS 10_3_3 like Mac OS X) AppleWebKit/603.3.8 (KHTML, like Gecko) Version/10.0 Mobile/14G60 Safari/602.1'),(268,22,49.993683900000,36.253137900000,'Mozilla/5.0 (Linux; U; Android 4.2.2; ru-ru; GT-I9500 Build/JDQ39) AppleWebKit/534.30 (KHTML, like Gecko) Version/4.0 Mobile Safari/534.30'),(269,9,49.994358100000,36.252841500000,'Mozilla/5.0 (Linux; Android 4.4.2; Lenovo S960 Build/KOT49H) AppleWebKit/537.36 (KHTML, like Gecko) Chrome/60.0.3112.116 Mobile Safari/537.36'),(270,31,49.997412600000,36.249890733333,'Mozilla/5.0 (Linux; U; Android 2.3.3; uk-ua; GT-S5660 Build/GINGERBREAD) AppleWebKit/533.1 (KHTML, like Gecko) Version/4.0 Mobile Safari/533.1'),(271,16,49.997130900000,36.251962500000,'Mozilla/5.0 (Linux; Android 4.2.2; HUAWEI Y600-U20 Build/HUAWEIY600-U20) AppleWebKit/537.36 (KHTML, like Gecko) Chrome/58.0.3029.83 Mobile Safari/537.36'),(272,16,49.997130900000,36.251962500000,'Mozilla/5.0 (Linux; Android 4.2.2; HUAWEI Y600-U20 Build/HUAWEIY600-U20) AppleWebKit/537.36 (KHTML, like Gecko) Chrome/58.0.3029.83 Mobile Safari/537.36'),(273,16,49.997130900000,36.251962500000,'Mozilla/5.0 (Linux; Android 4.2.2; HUAWEI Y600-U20 Build/HUAWEIY600-U20) AppleWebKit/537.36 (KHTML, like Gecko) Chrome/58.0.3029.83 Mobile Safari/537.36'),(274,16,49.997130900000,36.251962500000,'Mozilla/5.0 (Linux; Android 4.2.2; HUAWEI Y600-U20 Build/HUAWEIY600-U20) AppleWebKit/537.36 (KHTML, like Gecko) Chrome/58.0.3029.83 Mobile Safari/537.36'),(275,31,49.993354800000,36.249640400000,'Mozilla/5.0 (Linux; U; Android 2.3.3; uk-ua; GT-S5660 Build/GINGERBREAD) AppleWebKit/533.1 (KHTML, like Gecko) Version/4.0 Mobile Safari/533.1'),(276,24,49.997155000000,36.252251300000,'Mozilla/5.0 (Linux; Android 5.1; M3s Build/LMY47I) AppleWebKit/537.36 (KHTML, like Gecko) Chrome/60.0.3112.116 Mobile Safari/537.36'),(277,24,49.997155000000,36.252251300000,'Mozilla/5.0 (Linux; Android 5.1; M3s Build/LMY47I) AppleWebKit/537.36 (KHTML, like Gecko) Chrome/60.0.3112.116 Mobile Safari/537.36'),(278,24,49.997155000000,36.252251300000,'Mozilla/5.0 (Linux; Android 5.1; M3s Build/LMY47I) AppleWebKit/537.36 (KHTML, like Gecko) Chrome/60.0.3112.116 Mobile Safari/537.36'),(279,16,49.997130900000,36.251962500000,'Mozilla/5.0 (Linux; Android 4.2.2; HUAWEI Y600-U20 Build/HUAWEIY600-U20) AppleWebKit/537.36 (KHTML, like Gecko) Chrome/58.0.3029.83 Mobile Safari/537.36'),(280,16,49.997130900000,36.251962500000,'Mozilla/5.0 (Linux; Android 4.2.2; HUAWEI Y600-U20 Build/HUAWEIY600-U20) AppleWebKit/537.36 (KHTML, like Gecko) Chrome/58.0.3029.83 Mobile Safari/537.36'),(281,24,49.997155000000,36.252251300000,'Mozilla/5.0 (Linux; Android 5.1; M3s Build/LMY47I) AppleWebKit/537.36 (KHTML, like Gecko) Chrome/60.0.3112.116 Mobile Safari/537.36'),(282,16,49.997130900000,36.251962500000,'Mozilla/5.0 (Linux; Android 4.2.2; HUAWEI Y600-U20 Build/HUAWEIY600-U20) AppleWebKit/537.36 (KHTML, like Gecko) Chrome/58.0.3029.83 Mobile Safari/537.36'),(283,40,49.996056190000,36.251584180000,'Mozilla/5.0 (iPhone; CPU iPhone OS 11_0 like Mac OS X) AppleWebKit/604.1.38 (KHTML, like Gecko) Version/11.0 Mobile/15A5368a Safari/604.1'),(284,32,49.996184913770,36.254205623132,'Mozilla/5.0 (iPhone; CPU iPhone OS 7_1_2 like Mac OS X) AppleWebKit/537.51.2 (KHTML, like Gecko) Version/7.0 Mobile/11D257 Safari/9537.53'),(285,32,49.996838696847,36.253566979763,'Mozilla/5.0 (iPhone; CPU iPhone OS 7_1_2 like Mac OS X) AppleWebKit/537.51.2 (KHTML, like Gecko) Version/7.0 Mobile/11D257 Safari/9537.53'),(286,16,49.997169700000,36.252026300000,'Mozilla/5.0 (Linux; Android 4.2.2; HUAWEI Y600-U20 Build/HUAWEIY600-U20) AppleWebKit/537.36 (KHTML, like Gecko) Chrome/58.0.3029.83 Mobile Safari/537.36'),(287,7,49.917856800000,36.403732400000,'Mozilla/5.0 (Linux; Android 5.1; m2 Build/LMY47D) AppleWebKit/537.36 (KHTML, like Gecko) Chrome/52.0.2743.98 Mobile Safari/537.36'),(288,16,49.997169700000,36.252026300000,'Mozilla/5.0 (Linux; Android 4.2.2; HUAWEI Y600-U20 Build/HUAWEIY600-U20) AppleWebKit/537.36 (KHTML, like Gecko) Chrome/58.0.3029.83 Mobile Safari/537.36'),(289,40,49.996056190000,36.251584180000,'Mozilla/5.0 (iPhone; CPU iPhone OS 11_0 like Mac OS X) AppleWebKit/604.1.38 (KHTML, like Gecko) Version/11.0 Mobile/15A5368a Safari/604.1'),(290,40,49.996056190000,36.251584180000,'Mozilla/5.0 (iPhone; CPU iPhone OS 11_0 like Mac OS X) AppleWebKit/604.1.38 (KHTML, like Gecko) Version/11.0 Mobile/15A5368a Safari/604.1'),(291,33,49.992893800000,36.250106300000,'Mozilla/5.0 (Linux; U; Android 4.2.1; ru-ru; UMI X2 Build/JOP40D) AppleWebKit/534.30 (KHTML, like Gecko) Version/4.0 Mobile Safari/534.30'),(292,25,49.996248199822,36.251374316536,'Mozilla/5.0 (iPhone; CPU iPhone OS 10_3_3 like Mac OS X) AppleWebKit/603.3.8 (KHTML, like Gecko) Version/10.0 Mobile/14G60 Safari/602.1'),(293,25,49.996056002914,36.251584384467,'Mozilla/5.0 (iPhone; CPU iPhone OS 10_3_3 like Mac OS X) AppleWebKit/603.3.8 (KHTML, like Gecko) Version/10.0 Mobile/14G60 Safari/602.1'),(294,33,49.992893800000,36.250106300000,'Mozilla/5.0 (Linux; U; Android 4.2.1; ru-ru; UMI X2 Build/JOP40D) AppleWebKit/534.30 (KHTML, like Gecko) Version/4.0 Mobile Safari/534.30'),(295,44,49.994203229028,36.260814450825,'Mozilla/5.0 (iPhone; CPU iPhone OS 10_3_3 like Mac OS X) AppleWebKit/603.3.8 (KHTML, like Gecko) Version/10.0 Mobile/14G60 Safari/602.1'),(296,16,49.997130900000,36.251962500000,'Mozilla/5.0 (Linux; Android 4.2.2; HUAWEI Y600-U20 Build/HUAWEIY600-U20) AppleWebKit/537.36 (KHTML, like Gecko) Chrome/58.0.3029.83 Mobile Safari/537.36'),(297,33,49.992893800000,36.250106300000,'Mozilla/5.0 (Linux; U; Android 4.2.1; ru-ru; UMI X2 Build/JOP40D) AppleWebKit/534.30 (KHTML, like Gecko) Version/4.0 Mobile Safari/534.30'),(298,31,49.993354800000,36.249640400000,'Mozilla/5.0 (Linux; U; Android 2.3.3; uk-ua; GT-S5660 Build/GINGERBREAD) AppleWebKit/533.1 (KHTML, like Gecko) Version/4.0 Mobile Safari/533.1'),(299,44,49.994208444702,36.260777991239,'Mozilla/5.0 (iPhone; CPU iPhone OS 10_3_3 like Mac OS X) AppleWebKit/603.3.8 (KHTML, like Gecko) Version/10.0 Mobile/14G60 Safari/602.1'),(300,45,50.000156359412,36.248822880795,'Mozilla/5.0 (iPhone; CPU iPhone OS 10_2 like Mac OS X) AppleWebKit/602.3.12 (KHTML, like Gecko) Version/10.0 Mobile/14C92 Safari/602.1'),(301,33,49.992893800000,36.250106300000,'Mozilla/5.0 (Linux; U; Android 4.2.1; ru-ru; UMI X2 Build/JOP40D) AppleWebKit/534.30 (KHTML, like Gecko) Version/4.0 Mobile Safari/534.30'),(302,16,49.997488300000,36.252334600000,'Mozilla/5.0 (Linux; Android 4.2.2; HUAWEI Y600-U20 Build/HUAWEIY600-U20) AppleWebKit/537.36 (KHTML, like Gecko) Chrome/58.0.3029.83 Mobile Safari/537.36'),(303,36,49.996157730085,36.253514897105,'Mozilla/5.0 (iPhone; CPU iPhone OS 10_3_3 like Mac OS X) AppleWebKit/603.3.8 (KHTML, like Gecko) Version/10.0 Mobile/14G60 Safari/602.1'),(304,16,49.995812500000,36.252686200000,'Mozilla/5.0 (Linux; Android 4.2.2; HUAWEI Y600-U20 Build/HUAWEIY600-U20) AppleWebKit/537.36 (KHTML, like Gecko) Chrome/58.0.3029.83 Mobile Safari/537.36'),(305,33,49.992893800000,36.250106300000,'Mozilla/5.0 (Linux; U; Android 4.2.1; ru-ru; UMI X2 Build/JOP40D) AppleWebKit/534.30 (KHTML, like Gecko) Version/4.0 Mobile Safari/534.30'),(306,31,49.992889200000,36.249591300000,'Mozilla/5.0 (Linux; U; Android 2.3.3; uk-ua; GT-S5660 Build/GINGERBREAD) AppleWebKit/533.1 (KHTML, like Gecko) Version/4.0 Mobile Safari/533.1'),(307,45,50.000151573333,36.248814256669,'Mozilla/5.0 (iPhone; CPU iPhone OS 10_2 like Mac OS X) AppleWebKit/602.3.12 (KHTML, like Gecko) Version/10.0 Mobile/14C92 Safari/602.1'),(308,33,49.992893800000,36.250106300000,'Mozilla/5.0 (Linux; U; Android 4.2.1; ru-ru; UMI X2 Build/JOP40D) AppleWebKit/534.30 (KHTML, like Gecko) Version/4.0 Mobile Safari/534.30'),(309,16,49.995812500000,36.252686200000,'Mozilla/5.0 (Linux; Android 4.2.2; HUAWEI Y600-U20 Build/HUAWEIY600-U20) AppleWebKit/537.36 (KHTML, like Gecko) Chrome/58.0.3029.83 Mobile Safari/537.36'),(310,33,49.992893800000,36.250106300000,'Mozilla/5.0 (Linux; U; Android 4.2.1; ru-ru; UMI X2 Build/JOP40D) AppleWebKit/534.30 (KHTML, like Gecko) Version/4.0 Mobile Safari/534.30'),(311,23,10.000000000000,0.000000000000,'Mozilla/5.0 (Linux; Android 6.0; MZ-MEIZU_M5 Build/MRA58K) AppleWebKit/537.36 (KHTML, like Gecko) Version/4.0 Chrome/45.0.2454.94 Mobile Safari/537.36'),(312,33,49.992893800000,36.250106300000,'Mozilla/5.0 (Linux; U; Android 4.2.1; ru-ru; UMI X2 Build/JOP40D) AppleWebKit/534.30 (KHTML, like Gecko) Version/4.0 Mobile Safari/534.30'),(313,25,49.996055054486,36.251585421006,'Mozilla/5.0 (iPhone; CPU iPhone OS 10_3_3 like Mac OS X) AppleWebKit/603.3.8 (KHTML, like Gecko) Version/10.0 Mobile/14G60 Safari/602.1'),(314,32,49.996856431720,36.253530993093,'Mozilla/5.0 (iPhone; CPU iPhone OS 7_1_2 like Mac OS X) AppleWebKit/537.51.2 (KHTML, like Gecko) Version/7.0 Mobile/11D257 Safari/9537.53'),(315,16,49.993779400000,36.252665700000,'Mozilla/5.0 (Linux; Android 4.2.2; HUAWEI Y600-U20 Build/HUAWEIY600-U20) AppleWebKit/537.36 (KHTML, like Gecko) Chrome/58.0.3029.83 Mobile Safari/537.36'),(316,22,49.993779400000,36.252665700000,'Mozilla/5.0 (Linux; U; Android 4.2.2; ru-ru; GT-I9500 Build/JDQ39) AppleWebKit/534.30 (KHTML, like Gecko) Version/4.0 Mobile Safari/534.30'),(317,33,49.992893800000,36.250106300000,'Mozilla/5.0 (Linux; U; Android 4.2.1; ru-ru; UMI X2 Build/JOP40D) AppleWebKit/534.30 (KHTML, like Gecko) Version/4.0 Mobile Safari/534.30'),(318,22,49.993779400000,36.252665700000,'Mozilla/5.0 (Linux; U; Android 4.2.2; ru-ru; GT-I9500 Build/JDQ39) AppleWebKit/534.30 (KHTML, like Gecko) Version/4.0 Mobile Safari/534.30'),(319,45,50.000119576701,36.248855883945,'Mozilla/5.0 (iPhone; CPU iPhone OS 10_2 like Mac OS X) AppleWebKit/602.3.12 (KHTML, like Gecko) Version/10.0 Mobile/14C92 Safari/602.1'),(320,22,49.993779400000,36.252665700000,'Mozilla/5.0 (Linux; U; Android 4.2.2; ru-ru; GT-I9500 Build/JDQ39) AppleWebKit/534.30 (KHTML, like Gecko) Version/4.0 Mobile Safari/534.30'),(321,45,50.000119576701,36.248855883945,'Mozilla/5.0 (iPhone; CPU iPhone OS 10_2 like Mac OS X) AppleWebKit/602.3.12 (KHTML, like Gecko) Version/10.0 Mobile/14C92 Safari/602.1'),(322,16,49.995812500000,36.252686200000,'Mozilla/5.0 (Linux; Android 4.2.2; HUAWEI Y600-U20 Build/HUAWEIY600-U20) AppleWebKit/537.36 (KHTML, like Gecko) Chrome/58.0.3029.83 Mobile Safari/537.36'),(323,16,49.997845700000,36.252706800000,'Mozilla/5.0 (Linux; Android 4.2.2; HUAWEI Y600-U20 Build/HUAWEIY600-U20) AppleWebKit/537.36 (KHTML, like Gecko) Chrome/58.0.3029.83 Mobile Safari/537.36'),(324,45,50.000119576701,36.248855883945,'Mozilla/5.0 (iPhone; CPU iPhone OS 10_2 like Mac OS X) AppleWebKit/602.3.12 (KHTML, like Gecko) Version/10.0 Mobile/14C92 Safari/602.1'),(325,33,49.992893800000,36.250106300000,'Mozilla/5.0 (Linux; U; Android 4.2.1; ru-ru; UMI X2 Build/JOP40D) AppleWebKit/534.30 (KHTML, like Gecko) Version/4.0 Mobile Safari/534.30'),(326,44,49.994223871796,36.260670149859,'Mozilla/5.0 (iPhone; CPU iPhone OS 10_3_3 like Mac OS X) AppleWebKit/603.3.8 (KHTML, like Gecko) Version/10.0 Mobile/14G60 Safari/602.1'),(327,46,10.000000000000,0.000000000000,'Mozilla/5.0 (Linux; Android 5.1; MZ-m3 note Build/LMY47I) AppleWebKit/537.36 (KHTML, like Gecko) Version/4.0 Chrome/45.0.2454.94 Mobile Safari/537.36'),(328,16,49.997208400000,36.252090200000,'Mozilla/5.0 (Linux; Android 4.2.2; HUAWEI Y600-U20 Build/HUAWEIY600-U20) AppleWebKit/537.36 (KHTML, like Gecko) Chrome/58.0.3029.83 Mobile Safari/537.36'),(329,33,49.992893800000,36.250106300000,'Mozilla/5.0 (Linux; U; Android 4.2.1; ru-ru; UMI X2 Build/JOP40D) AppleWebKit/534.30 (KHTML, like Gecko) Version/4.0 Mobile Safari/534.30'),(330,33,49.992893800000,36.250106300000,'Mozilla/5.0 (Linux; U; Android 4.2.1; ru-ru; UMI X2 Build/JOP40D) AppleWebKit/534.30 (KHTML, like Gecko) Version/4.0 Mobile Safari/534.30'),(331,33,49.992893800000,36.250106300000,'Mozilla/5.0 (Linux; U; Android 4.2.1; ru-ru; UMI X2 Build/JOP40D) AppleWebKit/534.30 (KHTML, like Gecko) Version/4.0 Mobile Safari/534.30'),(332,33,49.992893800000,36.250106300000,'Mozilla/5.0 (Linux; U; Android 4.2.1; ru-ru; UMI X2 Build/JOP40D) AppleWebKit/534.30 (KHTML, like Gecko) Version/4.0 Mobile Safari/534.30'),(333,33,49.992893800000,36.250106300000,'Mozilla/5.0 (Linux; U; Android 4.2.1; ru-ru; UMI X2 Build/JOP40D) AppleWebKit/534.30 (KHTML, like Gecko) Version/4.0 Mobile Safari/534.30'),(334,33,49.992893800000,36.250106300000,'Mozilla/5.0 (Linux; U; Android 4.2.1; ru-ru; UMI X2 Build/JOP40D) AppleWebKit/534.30 (KHTML, like Gecko) Version/4.0 Mobile Safari/534.30'),(335,33,49.992893800000,36.250106300000,'Mozilla/5.0 (Linux; U; Android 4.2.1; ru-ru; UMI X2 Build/JOP40D) AppleWebKit/534.30 (KHTML, like Gecko) Version/4.0 Mobile Safari/534.30'),(336,33,49.992893800000,36.250106300000,'Mozilla/5.0 (Linux; U; Android 4.2.1; ru-ru; UMI X2 Build/JOP40D) AppleWebKit/534.30 (KHTML, like Gecko) Version/4.0 Mobile Safari/534.30'),(337,33,49.992893800000,36.250106300000,'Mozilla/5.0 (Linux; U; Android 4.2.1; ru-ru; UMI X2 Build/JOP40D) AppleWebKit/534.30 (KHTML, like Gecko) Version/4.0 Mobile Safari/534.30'),(338,29,49.998376100000,36.251625700000,'Mozilla/5.0 (X11; Linux x86_64) AppleWebKit/537.36 (KHTML, like Gecko) Chrome/60.0.3112.116 Safari/537.36'),(339,33,49.992893800000,36.250106300000,'Mozilla/5.0 (Linux; U; Android 4.2.1; ru-ru; UMI X2 Build/JOP40D) AppleWebKit/534.30 (KHTML, like Gecko) Version/4.0 Mobile Safari/534.30'),(340,33,49.992893800000,36.250106300000,'Mozilla/5.0 (Linux; U; Android 4.2.1; ru-ru; UMI X2 Build/JOP40D) AppleWebKit/534.30 (KHTML, like Gecko) Version/4.0 Mobile Safari/534.30'),(341,29,49.998368800000,36.251427600000,'Mozilla/5.0 (X11; Linux x86_64) AppleWebKit/537.36 (KHTML, like Gecko) Chrome/60.0.3112.116 Safari/537.36'),(342,31,49.993592100000,36.252622950000,'Mozilla/5.0 (Linux; U; Android 2.3.3; uk-ua; GT-S5660 Build/GINGERBREAD) AppleWebKit/533.1 (KHTML, like Gecko) Version/4.0 Mobile Safari/533.1'),(343,29,49.998368800000,36.251427600000,'Mozilla/5.0 (X11; Linux x86_64) AppleWebKit/537.36 (KHTML, like Gecko) Chrome/60.0.3112.116 Safari/537.36'),(344,31,49.993829400000,36.255605500000,'Mozilla/5.0 (Linux; U; Android 2.3.3; uk-ua; GT-S5660 Build/GINGERBREAD) AppleWebKit/533.1 (KHTML, like Gecko) Version/4.0 Mobile Safari/533.1'),(345,14,50.006086500000,36.247738300000,'Mozilla/5.0 (Linux; U; Android 4.4.2; en-us; Lenovo S580 Build/KVT49L) AppleWebKit/534.30 (KHTML, like Gecko) Version/4.0 Mobile Safari/534.30'),(346,31,49.993592100000,36.252622950000,'Mozilla/5.0 (Linux; U; Android 2.3.3; uk-ua; GT-S5660 Build/GINGERBREAD) AppleWebKit/533.1 (KHTML, like Gecko) Version/4.0 Mobile Safari/533.1'),(347,33,49.992893800000,36.250106300000,'Mozilla/5.0 (Linux; U; Android 4.2.1; ru-ru; UMI X2 Build/JOP40D) AppleWebKit/534.30 (KHTML, like Gecko) Version/4.0 Mobile Safari/534.30'),(348,33,49.992893800000,36.250106300000,'Mozilla/5.0 (Linux; U; Android 4.2.1; ru-ru; UMI X2 Build/JOP40D) AppleWebKit/534.30 (KHTML, like Gecko) Version/4.0 Mobile Safari/534.30'),(349,14,50.006089100000,36.247763300000,'Mozilla/5.0 (Linux; U; Android 4.4.2; en-us; Lenovo S580 Build/KVT49L) AppleWebKit/534.30 (KHTML, like Gecko) Version/4.0 Mobile Safari/534.30'),(350,14,50.006089100000,36.247763300000,'Mozilla/5.0 (Linux; U; Android 4.4.2; en-us; Lenovo S580 Build/KVT49L) AppleWebKit/534.30 (KHTML, like Gecko) Version/4.0 Mobile Safari/534.30'),(351,8,49.998899800000,36.251302800000,'Mozilla/5.0 (X11; Linux x86_64) AppleWebKit/534.24 (KHTML, like Gecko) Chrome/11.0.696.34 Safari/534.24'),(352,14,50.006089100000,36.247763300000,'Mozilla/5.0 (Linux; U; Android 4.4.2; en-us; Lenovo S580 Build/KVT49L) AppleWebKit/534.30 (KHTML, like Gecko) Version/4.0 Mobile Safari/534.30'),(353,14,50.006089100000,36.247763300000,'Mozilla/5.0 (Linux; U; Android 4.4.2; en-us; Lenovo S580 Build/KVT49L) AppleWebKit/534.30 (KHTML, like Gecko) Version/4.0 Mobile Safari/534.30'),(354,14,50.006089100000,36.247763300000,'Mozilla/5.0 (Linux; U; Android 4.4.2; en-us; Lenovo S580 Build/KVT49L) AppleWebKit/534.30 (KHTML, like Gecko) Version/4.0 Mobile Safari/534.30'),(355,14,50.006089070858,36.247763223980,'Mozilla/5.0 (Linux; U; Android 4.4.2; en-us; Lenovo S580 Build/KVT49L) AppleWebKit/534.30 (KHTML, like Gecko) Version/4.0 Mobile Safari/534.30'),(356,14,50.006086500000,36.247738300000,'Mozilla/5.0 (Linux; U; Android 4.4.2; en-us; Lenovo S580 Build/KVT49L) AppleWebKit/534.30 (KHTML, like Gecko) Version/4.0 Mobile Safari/534.30'),(357,14,50.006086472468,36.247738245908,'Mozilla/5.0 (Linux; U; Android 4.4.2; en-us; Lenovo S580 Build/KVT49L) AppleWebKit/534.30 (KHTML, like Gecko) Version/4.0 Mobile Safari/534.30'),(358,29,49.998368800000,36.251427600000,'Mozilla/5.0 (X11; Linux x86_64) AppleWebKit/537.36 (KHTML, like Gecko) Chrome/60.0.3112.116 Safari/537.36'),(359,14,50.006086500000,36.247738300000,'Mozilla/5.0 (Linux; U; Android 4.4.2; en-us; Lenovo S580 Build/KVT49L) AppleWebKit/534.30 (KHTML, like Gecko) Version/4.0 Mobile Safari/534.30'),(360,29,49.998368800000,36.251427600000,'Mozilla/5.0 (X11; Linux x86_64) AppleWebKit/537.36 (KHTML, like Gecko) Chrome/60.0.3112.116 Safari/537.36'),(361,14,50.006086500000,36.247738300000,'Mozilla/5.0 (Linux; U; Android 4.4.2; en-us; Lenovo S580 Build/KVT49L) AppleWebKit/534.30 (KHTML, like Gecko) Version/4.0 Mobile Safari/534.30'),(362,14,50.006086472468,36.247738245908,'Mozilla/5.0 (Linux; U; Android 4.4.2; en-us; Lenovo S580 Build/KVT49L) AppleWebKit/534.30 (KHTML, like Gecko) Version/4.0 Mobile Safari/534.30'),(363,14,50.006086500000,36.247738300000,'Mozilla/5.0 (Linux; U; Android 4.4.2; en-us; Lenovo S580 Build/KVT49L) AppleWebKit/534.30 (KHTML, like Gecko) Version/4.0 Mobile Safari/534.30'),(364,29,49.998899800000,36.251302800000,'Mozilla/5.0 (X11; Linux x86_64) AppleWebKit/537.36 (KHTML, like Gecko) Chrome/60.0.3112.116 Safari/537.36'),(365,29,49.998235700000,36.251079500000,'Mozilla/5.0 (X11; Linux x86_64) AppleWebKit/537.36 (KHTML, like Gecko) Chrome/60.0.3112.116 Safari/537.36'),(366,14,50.006096500000,36.247710700000,'Mozilla/5.0 (Linux; U; Android 4.4.2; en-us; Lenovo S580 Build/KVT49L) AppleWebKit/534.30 (KHTML, like Gecko) Version/4.0 Mobile Safari/534.30'),(367,49,50.001338579909,36.250997270495,'Mozilla/5.0 (iPhone; CPU iPhone OS 10_3_3 like Mac OS X) AppleWebKit/603.3.8 (KHTML, like Gecko) Version/10.0 Mobile/14G60 Safari/602.1'),(368,24,50.002066400000,36.251015800000,'Mozilla/5.0 (Linux; Android 5.1; M3s Build/LMY47I) AppleWebKit/537.36 (KHTML, like Gecko) Chrome/60.0.3112.116 Mobile Safari/537.36'),(369,21,50.001008700000,36.251642100000,'Mozilla/5.0 (Linux; Android 5.1; Lenovo P70-A Build/LMY47D) AppleWebKit/537.36 (KHTML, like Gecko) Chrome/60.0.3112.116 Mobile Safari/537.36'),(370,41,50.001028700000,36.251714400000,'Mozilla/5.0 (Linux; U; Android 6.0; zh-CN; MZ-MX5 Build/MRA58K) AppleWebKit/537.36 (KHTML, like Gecko) Version/4.0 Chrome/40.0.2214.89 MZBrowser/6.5.502 UWS/2.10.1.22 Mobile Safari/537.36'),(371,29,50.001008700000,36.251642100000,'Mozilla/5.0 (X11; Linux x86_64) AppleWebKit/537.36 (KHTML, like Gecko) Chrome/60.0.3112.116 Safari/537.36'),(372,24,50.002066400000,36.251015800000,'Mozilla/5.0 (Linux; Android 5.1; M3s Build/LMY47I) AppleWebKit/537.36 (KHTML, like Gecko) Chrome/60.0.3112.116 Mobile Safari/537.36'),(373,29,50.001008700000,36.251642100000,'Mozilla/5.0 (X11; Linux x86_64) AppleWebKit/537.36 (KHTML, like Gecko) Chrome/60.0.3112.116 Safari/537.36'),(374,50,50.001739501953,36.251776123047,'Mozilla/5.0 (Macintosh; Intel Mac OS X 10_12_4) AppleWebKit/603.1.30 (KHTML, like Gecko) Version/10.1 Safari/603.1.30'),(375,50,50.001277006258,36.251330459554,'Mozilla/5.0 (Macintosh; Intel Mac OS X 10_12_4) AppleWebKit/603.1.30 (KHTML, like Gecko) Version/10.1 Safari/603.1.30'),(376,50,50.001277006258,36.251330459554,'Mozilla/5.0 (Macintosh; Intel Mac OS X 10_12_4) AppleWebKit/603.1.30 (KHTML, like Gecko) Version/10.1 Safari/603.1.30'),(377,53,50.001168721309,36.251327485216,'Mozilla/5.0 (Macintosh; Intel Mac OS X 10_12_4) AppleWebKit/603.1.30 (KHTML, like Gecko) Version/10.1 Safari/603.1.30'),(378,50,50.001168721309,36.251327485216,'Mozilla/5.0 (Macintosh; Intel Mac OS X 10_12_4) AppleWebKit/603.1.30 (KHTML, like Gecko) Version/10.1 Safari/603.1.30'),(379,36,50.001035344023,36.251655729728,'Mozilla/5.0 (iPhone; CPU iPhone OS 10_3_3 like Mac OS X) AppleWebKit/603.3.8 (KHTML, like Gecko) Version/10.0 Mobile/14G60 Safari/602.1'),(380,35,50.001249561678,36.251316121513,'Mozilla/5.0 (iPhone; CPU iPhone OS 10_3_3 like Mac OS X) AppleWebKit/603.3.8 (KHTML, like Gecko) Version/10.0 Mobile/14G60 Safari/602.1'),(381,27,50.003719000000,36.246331500000,'Mozilla/5.0 (Linux; Android 4.2.1; IQ4410 Quad Build/JOP40D) AppleWebKit/537.36 (KHTML, like Gecko) Chrome/60.0.3112.116 Mobile Safari/537.36'),(382,27,49.999632600000,36.255857100000,'Mozilla/5.0 (Linux; Android 4.2.1; IQ4410 Quad Build/JOP40D) AppleWebKit/537.36 (KHTML, like Gecko) Chrome/60.0.3112.116 Mobile Safari/537.36'),(383,45,49.999241777829,36.244745881389,'Mozilla/5.0 (iPhone; CPU iPhone OS 10_3_3 like Mac OS X) AppleWebKit/603.3.8 (KHTML, like Gecko) Version/10.0 Mobile/14G60 Safari/602.1'),(384,40,50.002503750000,36.255786120000,'Mozilla/5.0 (iPhone; CPU iPhone OS 11_0 like Mac OS X) AppleWebKit/604.1.38 (KHTML, like Gecko) Version/11.0 Mobile/15A5368a Safari/604.1'),(385,45,49.998906310013,36.244511120008,'Mozilla/5.0 (iPhone; CPU iPhone OS 10_3_3 like Mac OS X) AppleWebKit/603.3.8 (KHTML, like Gecko) Version/10.0 Mobile/14G60 Safari/602.1'),(386,55,50.001008700000,36.251642100000,'Mozilla/5.0 (Linux; Android 6.0.1; SM-J500H Build/MMB29M) AppleWebKit/537.36 (KHTML, like Gecko) Chrome/59.0.3071.125 Mobile Safari/537.36'),(387,45,50.001394820000,36.250855870000,'Mozilla/5.0 (Macintosh; Intel Mac OS X 10_12_4) AppleWebKit/603.1.30 (KHTML, like Gecko) Version/10.1 Safari/603.1.30'),(388,57,49.994288300000,36.257554000000,'Mozilla/5.0 (X11; Linux x86_64) AppleWebKit/537.36 (KHTML, like Gecko) Chrome/62.0.3202.89 Safari/537.36'),(389,23,10.000000000000,0.000000000000,'Mozilla/5.0 (Linux; Android 6.0; MZ-MEIZU_M5 Build/MRA58K) AppleWebKit/537.36 (KHTML, like Gecko) Version/4.0 Chrome/45.0.2454.94 Mobile Safari/537.36'),(390,15,49.998899800000,36.251302800000,'Mozilla/5.0 (Linux; Android 6.0; MZ-M5c Build/MRA58K) AppleWebKit/537.36 (KHTML, like Gecko) Version/4.0 Chrome/45.0.2454.94 Mobile Safari/537.36'),(391,19,50.001080700000,36.251549600000,'Mozilla/5.0 (Linux; Android 6.0; U20 Build/MRA58K) AppleWebKit/537.36 (KHTML, like Gecko) Chrome/62.0.3202.84 Mobile Safari/537.36'),(392,23,10.000000000000,0.000000000000,'Mozilla/5.0 (Linux; Android 6.0; MZ-MEIZU_M5 Build/MRA58K) AppleWebKit/537.36 (KHTML, like Gecko) Version/4.0 Chrome/45.0.2454.94 Mobile Safari/537.36'),(393,23,10.000000000000,0.000000000000,'Mozilla/5.0 (Linux; Android 6.0; MZ-MEIZU_M5 Build/MRA58K) AppleWebKit/537.36 (KHTML, like Gecko) Version/4.0 Chrome/45.0.2454.94 Mobile Safari/537.36'),(394,23,10.000000000000,0.000000000000,'Mozilla/5.0 (Linux; Android 6.0; MZ-MEIZU_M5 Build/MRA58K) AppleWebKit/537.36 (KHTML, like Gecko) Version/4.0 Chrome/45.0.2454.94 Mobile Safari/537.36'),(395,23,10.000000000000,0.000000000000,'Mozilla/5.0 (Linux; Android 6.0; MZ-MEIZU_M5 Build/MRA58K) AppleWebKit/537.36 (KHTML, like Gecko) Version/4.0 Chrome/45.0.2454.94 Mobile Safari/537.36'),(396,23,10.000000000000,0.000000000000,'Mozilla/5.0 (Linux; Android 6.0; MZ-MEIZU_M5 Build/MRA58K) AppleWebKit/537.36 (KHTML, like Gecko) Version/4.0 Chrome/45.0.2454.94 Mobile Safari/537.36'),(397,23,10.000000000000,0.000000000000,'Mozilla/5.0 (Linux; Android 6.0; MZ-MEIZU_M5 Build/MRA58K) AppleWebKit/537.36 (KHTML, like Gecko) Version/4.0 Chrome/45.0.2454.94 Mobile Safari/537.36'),(398,23,10.000000000000,0.000000000000,'Mozilla/5.0 (Linux; Android 6.0; MZ-MEIZU_M5 Build/MRA58K) AppleWebKit/537.36 (KHTML, like Gecko) Version/4.0 Chrome/45.0.2454.94 Mobile Safari/537.36'),(399,58,50.001093100000,36.251568000000,'Mozilla/5.0 (Linux; Android 7.0; Redmi Note 4 Build/NRD90M) AppleWebKit/537.36 (KHTML, like Gecko) Chrome/61.0.3163.98 Mobile Safari/537.36'),(400,23,10.000000000000,0.000000000000,'Mozilla/5.0 (Linux; Android 6.0; MZ-MEIZU_M5 Build/MRA58K) AppleWebKit/537.36 (KHTML, like Gecko) Version/4.0 Chrome/45.0.2454.94 Mobile Safari/537.36'),(401,23,10.000000000000,0.000000000000,'Mozilla/5.0 (Linux; Android 6.0; MZ-MEIZU_M5 Build/MRA58K) AppleWebKit/537.36 (KHTML, like Gecko) Version/4.0 Chrome/45.0.2454.94 Mobile Safari/537.36'),(402,23,10.000000000000,0.000000000000,'Mozilla/5.0 (Linux; Android 6.0; MZ-MEIZU_M5 Build/MRA58K) AppleWebKit/537.36 (KHTML, like Gecko) Version/4.0 Chrome/45.0.2454.94 Mobile Safari/537.36'),(403,23,10.000000000000,0.000000000000,'Mozilla/5.0 (Linux; Android 6.0; MZ-MEIZU_M5 Build/MRA58K) AppleWebKit/537.36 (KHTML, like Gecko) Version/4.0 Chrome/45.0.2454.94 Mobile Safari/537.36'),(404,23,10.000000000000,0.000000000000,'Mozilla/5.0 (Linux; Android 6.0; MZ-MEIZU_M5 Build/MRA58K) AppleWebKit/537.36 (KHTML, like Gecko) Version/4.0 Chrome/45.0.2454.94 Mobile Safari/537.36'),(405,23,10.000000000000,0.000000000000,'Mozilla/5.0 (Linux; Android 6.0; MZ-MEIZU_M5 Build/MRA58K) AppleWebKit/537.36 (KHTML, like Gecko) Version/4.0 Chrome/45.0.2454.94 Mobile Safari/537.36'),(406,23,10.000000000000,0.000000000000,'Mozilla/5.0 (Linux; Android 6.0; MZ-MEIZU_M5 Build/MRA58K) AppleWebKit/537.36 (KHTML, like Gecko) Version/4.0 Chrome/45.0.2454.94 Mobile Safari/537.36'),(407,23,10.000000000000,0.000000000000,'Mozilla/5.0 (Linux; Android 6.0; MZ-MEIZU_M5 Build/MRA58K) AppleWebKit/537.36 (KHTML, like Gecko) Version/4.0 Chrome/45.0.2454.94 Mobile Safari/537.36'),(408,23,10.000000000000,0.000000000000,'Mozilla/5.0 (Linux; Android 6.0; MZ-MEIZU_M5 Build/MRA58K) AppleWebKit/537.36 (KHTML, like Gecko) Version/4.0 Chrome/45.0.2454.94 Mobile Safari/537.36'),(409,23,10.000000000000,0.000000000000,'Mozilla/5.0 (Linux; Android 6.0; MZ-MEIZU_M5 Build/MRA58K) AppleWebKit/537.36 (KHTML, like Gecko) Version/4.0 Chrome/45.0.2454.94 Mobile Safari/537.36'),(410,23,10.000000000000,0.000000000000,'Mozilla/5.0 (Linux; Android 6.0; MZ-MEIZU_M5 Build/MRA58K) AppleWebKit/537.36 (KHTML, like Gecko) Version/4.0 Chrome/45.0.2454.94 Mobile Safari/537.36'),(411,23,10.000000000000,0.000000000000,'Mozilla/5.0 (Linux; Android 6.0; MZ-MEIZU_M5 Build/MRA58K) AppleWebKit/537.36 (KHTML, like Gecko) Version/4.0 Chrome/45.0.2454.94 Mobile Safari/537.36'),(412,23,10.000000000000,0.000000000000,'Mozilla/5.0 (Linux; Android 6.0; MZ-MEIZU_M5 Build/MRA58K) AppleWebKit/537.36 (KHTML, like Gecko) Version/4.0 Chrome/45.0.2454.94 Mobile Safari/537.36'),(413,23,10.000000000000,0.000000000000,'Mozilla/5.0 (Linux; Android 6.0; MZ-MEIZU_M5 Build/MRA58K) AppleWebKit/537.36 (KHTML, like Gecko) Version/4.0 Chrome/45.0.2454.94 Mobile Safari/537.36'),(414,23,10.000000000000,0.000000000000,'Mozilla/5.0 (Linux; Android 6.0; MZ-MEIZU_M5 Build/MRA58K) AppleWebKit/537.36 (KHTML, like Gecko) Version/4.0 Chrome/45.0.2454.94 Mobile Safari/537.36'),(415,23,10.000000000000,0.000000000000,'Mozilla/5.0 (Linux; Android 6.0; MZ-MEIZU_M5 Build/MRA58K) AppleWebKit/537.36 (KHTML, like Gecko) Version/4.0 Chrome/45.0.2454.94 Mobile Safari/537.36'),(416,23,10.000000000000,0.000000000000,'Mozilla/5.0 (Linux; Android 6.0; MZ-MEIZU_M5 Build/MRA58K) AppleWebKit/537.36 (KHTML, like Gecko) Version/4.0 Chrome/45.0.2454.94 Mobile Safari/537.36'),(417,23,10.000000000000,0.000000000000,'Mozilla/5.0 (Linux; Android 6.0; MZ-MEIZU_M5 Build/MRA58K) AppleWebKit/537.36 (KHTML, like Gecko) Version/4.0 Chrome/45.0.2454.94 Mobile Safari/537.36'),(418,23,10.000000000000,0.000000000000,'Mozilla/5.0 (Linux; Android 6.0; MZ-MEIZU_M5 Build/MRA58K) AppleWebKit/537.36 (KHTML, like Gecko) Version/4.0 Chrome/45.0.2454.94 Mobile Safari/537.36'),(419,23,10.000000000000,0.000000000000,'Mozilla/5.0 (Linux; Android 6.0; MZ-MEIZU_M5 Build/MRA58K) AppleWebKit/537.36 (KHTML, like Gecko) Version/4.0 Chrome/45.0.2454.94 Mobile Safari/537.36'),(420,23,10.000000000000,0.000000000000,'Mozilla/5.0 (Linux; Android 6.0; MZ-MEIZU_M5 Build/MRA58K) AppleWebKit/537.36 (KHTML, like Gecko) Version/4.0 Chrome/45.0.2454.94 Mobile Safari/537.36'),(421,23,10.000000000000,0.000000000000,'Mozilla/5.0 (Linux; Android 6.0; MZ-MEIZU_M5 Build/MRA58K) AppleWebKit/537.36 (KHTML, like Gecko) Version/4.0 Chrome/45.0.2454.94 Mobile Safari/537.36'),(422,23,10.000000000000,0.000000000000,'Mozilla/5.0 (Linux; Android 6.0; MZ-MEIZU_M5 Build/MRA58K) AppleWebKit/537.36 (KHTML, like Gecko) Version/4.0 Chrome/45.0.2454.94 Mobile Safari/537.36'),(423,23,10.000000000000,0.000000000000,'Mozilla/5.0 (Linux; Android 6.0; MZ-MEIZU_M5 Build/MRA58K) AppleWebKit/537.36 (KHTML, like Gecko) Version/4.0 Chrome/45.0.2454.94 Mobile Safari/537.36'),(424,23,10.000000000000,0.000000000000,'Mozilla/5.0 (Linux; Android 6.0; MZ-MEIZU_M5 Build/MRA58K) AppleWebKit/537.36 (KHTML, like Gecko) Version/4.0 Chrome/45.0.2454.94 Mobile Safari/537.36'),(425,23,10.000000000000,0.000000000000,'Mozilla/5.0 (Linux; Android 6.0; MZ-MEIZU_M5 Build/MRA58K) AppleWebKit/537.36 (KHTML, like Gecko) Version/4.0 Chrome/45.0.2454.94 Mobile Safari/537.36'),(426,23,10.000000000000,0.000000000000,'Mozilla/5.0 (Linux; Android 6.0; MZ-MEIZU_M5 Build/MRA58K) AppleWebKit/537.36 (KHTML, like Gecko) Version/4.0 Chrome/45.0.2454.94 Mobile Safari/537.36'),(427,23,10.000000000000,0.000000000000,'Mozilla/5.0 (Linux; Android 6.0; MZ-MEIZU_M5 Build/MRA58K) AppleWebKit/537.36 (KHTML, like Gecko) Version/4.0 Chrome/45.0.2454.94 Mobile Safari/537.36'),(428,23,10.000000000000,0.000000000000,'Mozilla/5.0 (Linux; Android 6.0; MZ-MEIZU_M5 Build/MRA58K) AppleWebKit/537.36 (KHTML, like Gecko) Version/4.0 Chrome/45.0.2454.94 Mobile Safari/537.36'),(429,23,10.000000000000,0.000000000000,'Mozilla/5.0 (Linux; Android 6.0; MZ-MEIZU_M5 Build/MRA58K) AppleWebKit/537.36 (KHTML, like Gecko) Version/4.0 Chrome/45.0.2454.94 Mobile Safari/537.36'),(430,23,10.000000000000,0.000000000000,'Mozilla/5.0 (Linux; Android 6.0; MZ-MEIZU_M5 Build/MRA58K) AppleWebKit/537.36 (KHTML, like Gecko) Version/4.0 Chrome/45.0.2454.94 Mobile Safari/537.36'),(431,23,10.000000000000,0.000000000000,'Mozilla/5.0 (Linux; Android 6.0; MZ-MEIZU_M5 Build/MRA58K) AppleWebKit/537.36 (KHTML, like Gecko) Version/4.0 Chrome/45.0.2454.94 Mobile Safari/537.36'),(432,23,10.000000000000,0.000000000000,'Mozilla/5.0 (Linux; Android 6.0; MZ-MEIZU_M5 Build/MRA58K) AppleWebKit/537.36 (KHTML, like Gecko) Version/4.0 Chrome/45.0.2454.94 Mobile Safari/537.36'),(433,23,10.000000000000,0.000000000000,'Mozilla/5.0 (Linux; Android 6.0; MZ-MEIZU_M5 Build/MRA58K) AppleWebKit/537.36 (KHTML, like Gecko) Version/4.0 Chrome/45.0.2454.94 Mobile Safari/537.36'),(434,23,10.000000000000,0.000000000000,'Mozilla/5.0 (Linux; Android 6.0; MZ-MEIZU_M5 Build/MRA58K) AppleWebKit/537.36 (KHTML, like Gecko) Version/4.0 Chrome/45.0.2454.94 Mobile Safari/537.36'),(435,23,10.000000000000,0.000000000000,'Mozilla/5.0 (Linux; Android 6.0; MZ-MEIZU_M5 Build/MRA58K) AppleWebKit/537.36 (KHTML, like Gecko) Version/4.0 Chrome/45.0.2454.94 Mobile Safari/537.36'),(436,23,10.000000000000,0.000000000000,'Mozilla/5.0 (Linux; Android 6.0; MZ-MEIZU_M5 Build/MRA58K) AppleWebKit/537.36 (KHTML, like Gecko) Version/4.0 Chrome/45.0.2454.94 Mobile Safari/537.36'),(437,23,10.000000000000,0.000000000000,'Mozilla/5.0 (Linux; Android 6.0; MZ-MEIZU_M5 Build/MRA58K) AppleWebKit/537.36 (KHTML, like Gecko) Version/4.0 Chrome/45.0.2454.94 Mobile Safari/537.36'),(438,23,10.000000000000,0.000000000000,'Mozilla/5.0 (Linux; Android 6.0; MZ-MEIZU_M5 Build/MRA58K) AppleWebKit/537.36 (KHTML, like Gecko) Version/4.0 Chrome/45.0.2454.94 Mobile Safari/537.36'),(439,23,10.000000000000,0.000000000000,'Mozilla/5.0 (Linux; Android 6.0; MZ-MEIZU_M5 Build/MRA58K) AppleWebKit/537.36 (KHTML, like Gecko) Version/4.0 Chrome/45.0.2454.94 Mobile Safari/537.36'),(440,23,10.000000000000,0.000000000000,'Mozilla/5.0 (Linux; Android 6.0; MZ-MEIZU_M5 Build/MRA58K) AppleWebKit/537.36 (KHTML, like Gecko) Version/4.0 Chrome/45.0.2454.94 Mobile Safari/537.36'),(441,23,10.000000000000,0.000000000000,'Mozilla/5.0 (Linux; Android 6.0; MZ-MEIZU_M5 Build/MRA58K) AppleWebKit/537.36 (KHTML, like Gecko) Version/4.0 Chrome/45.0.2454.94 Mobile Safari/537.36'),(442,23,10.000000000000,0.000000000000,'Mozilla/5.0 (Linux; Android 6.0; MZ-MEIZU_M5 Build/MRA58K) AppleWebKit/537.36 (KHTML, like Gecko) Version/4.0 Chrome/45.0.2454.94 Mobile Safari/537.36'),(443,23,10.000000000000,0.000000000000,'Mozilla/5.0 (Linux; Android 6.0; MZ-MEIZU_M5 Build/MRA58K) AppleWebKit/537.36 (KHTML, like Gecko) Version/4.0 Chrome/45.0.2454.94 Mobile Safari/537.36'),(444,23,10.000000000000,0.000000000000,'Mozilla/5.0 (Linux; Android 6.0; MZ-MEIZU_M5 Build/MRA58K) AppleWebKit/537.36 (KHTML, like Gecko) Version/4.0 Chrome/45.0.2454.94 Mobile Safari/537.36'),(445,23,10.000000000000,0.000000000000,'Mozilla/5.0 (Linux; Android 6.0; MZ-MEIZU_M5 Build/MRA58K) AppleWebKit/537.36 (KHTML, like Gecko) Version/4.0 Chrome/45.0.2454.94 Mobile Safari/537.36'),(446,13,50.001867900000,36.248399400000,'Mozilla/5.0 (Linux; Android 5.1; m3 note Build/LMY47I) AppleWebKit/537.36 (KHTML, like Gecko) Chrome/62.0.3202.84 Mobile Safari/537.36'),(447,13,50.001867900000,36.248399400000,'Mozilla/5.0 (Linux; Android 5.1; m3 note Build/LMY47I) AppleWebKit/537.36 (KHTML, like Gecko) Chrome/62.0.3202.84 Mobile Safari/537.36'),(448,13,50.001867900000,36.248399400000,'Mozilla/5.0 (Linux; Android 5.1; m3 note Build/LMY47I) AppleWebKit/537.36 (KHTML, like Gecko) Chrome/62.0.3202.84 Mobile Safari/537.36'),(449,13,50.001867900000,36.248399400000,'Mozilla/5.0 (Linux; Android 5.1; m3 note Build/LMY47I) AppleWebKit/537.36 (KHTML, like Gecko) Chrome/62.0.3202.84 Mobile Safari/537.36'),(450,9,50.001060100000,36.251633900000,'Mozilla/5.0 (Linux; Android 4.4.2; Lenovo S960 Build/KOT49H) AppleWebKit/537.36 (KHTML, like Gecko) Chrome/62.0.3202.84 Mobile Safari/537.36'),(451,13,50.001867900000,36.248399400000,'Mozilla/5.0 (Linux; Android 5.1; m3 note Build/LMY47I) AppleWebKit/537.36 (KHTML, like Gecko) Chrome/62.0.3202.84 Mobile Safari/537.36'),(452,13,50.001089900000,36.251569800000,'Mozilla/5.0 (Linux; Android 5.1; m3 note Build/LMY47I) AppleWebKit/537.36 (KHTML, like Gecko) Chrome/62.0.3202.84 Mobile Safari/537.36'),(453,20,50.001354840000,36.250907960000,'Mozilla/5.0 (Macintosh; Intel Mac OS X 10_12_4) AppleWebKit/603.1.30 (KHTML, like Gecko) Version/10.1 Safari/603.1.30'),(454,12,50.001087700000,36.251639400000,'Mozilla/5.0 (Linux; Android 4.4.2; SM-G7102 Build/KOT49H) AppleWebKit/537.36 (KHTML, like Gecko) Chrome/62.0.3202.84 Mobile Safari/537.36'),(455,8,10.000000000000,0.000000000000,'Mozilla/5.0 (Linux; Android 5.1; MZ-m3 note Build/LMY47I) AppleWebKit/537.36 (KHTML, like Gecko) Version/4.0 Chrome/45.0.2454.94 Mobile Safari/537.36'),(456,8,50.001033400000,36.251542600000,'Mozilla/5.0 (Linux; Android 5.1; MZ-m3 note Build/LMY47I) AppleWebKit/537.36 (KHTML, like Gecko) Version/4.0 Chrome/45.0.2454.94 Mobile Safari/537.36'),(457,18,50.001686890000,36.251892190000,'Mozilla/5.0 (Macintosh; Intel Mac OS X 10_12_4) AppleWebKit/603.1.30 (KHTML, like Gecko) Version/10.1 Safari/603.1.30'),(458,17,50.001715087891,36.251861572266,'Mozilla/5.0 (Macintosh; Intel Mac OS X 10_12_4) AppleWebKit/603.1.30 (KHTML, like Gecko) Version/10.1 Safari/603.1.30'),(459,10,49.998368800000,36.251427600000,'Mozilla/5.0 (Linux; Android 5.1; MZ-m3 note Build/LMY47I) AppleWebKit/537.36 (KHTML, like Gecko) Version/4.0 Chrome/45.0.2454.94 Mobile Safari/537.36'),(460,58,50.001097400000,36.251613700000,'Mozilla/5.0 (Linux; Android 7.0; Redmi Note 4 Build/NRD90M) AppleWebKit/537.36 (KHTML, like Gecko) Chrome/62.0.3202.84 Mobile Safari/537.36'),(461,60,50.006266208910,36.308303318059,'Mozilla/5.0 (iPhone; CPU iPhone OS 10_3_2 like Mac OS X) AppleWebKit/603.2.4 (KHTML, like Gecko) Version/10.0 Mobile/14F89 Safari/602.1'),(462,35,50.001673650000,36.251886010000,'Mozilla/5.0 (Macintosh; Intel Mac OS X 10_12_4) AppleWebKit/603.1.30 (KHTML, like Gecko) Version/10.1 Safari/603.1.30'),(463,36,50.001591146952,36.250821890814,'Mozilla/5.0 (Macintosh; Intel Mac OS X 10_12_4) AppleWebKit/603.1.30 (KHTML, like Gecko) Version/10.1 Safari/603.1.30'),(464,45,50.001205522614,36.251569781486,'Mozilla/5.0 (iPhone; CPU iPhone OS 10_3_3 like Mac OS X) AppleWebKit/603.3.8 (KHTML, like Gecko) Version/10.0 Mobile/14G60 Safari/602.1'),(465,45,50.001224956471,36.251636398581,'Mozilla/5.0 (iPhone; CPU iPhone OS 10_3_3 like Mac OS X) AppleWebKit/603.3.8 (KHTML, like Gecko) Version/10.0 Mobile/14G60 Safari/602.1'),(466,45,50.001237366435,36.251447013934,'Mozilla/5.0 (iPhone; CPU iPhone OS 10_3_3 like Mac OS X) AppleWebKit/603.3.8 (KHTML, like Gecko) Version/10.0 Mobile/14G60 Safari/602.1'),(467,45,50.001237366435,36.251447013934,'Mozilla/5.0 (iPhone; CPU iPhone OS 10_3_3 like Mac OS X) AppleWebKit/603.3.8 (KHTML, like Gecko) Version/10.0 Mobile/14G60 Safari/602.1'),(468,45,50.002189802054,36.250520770284,'Mozilla/5.0 (iPhone; CPU iPhone OS 10_3_3 like Mac OS X) AppleWebKit/603.3.8 (KHTML, like Gecko) Version/10.0 Mobile/14G60 Safari/602.1'),(469,61,10.000000000000,0.000000000000,'Mozilla/5.0 (Linux; Android 5.1; MZ-m3 note Build/LMY47I) AppleWebKit/537.36 (KHTML, like Gecko) Version/4.0 Chrome/45.0.2454.94 Mobile Safari/537.36'),(470,45,50.002346776027,36.248904850142,'Mozilla/5.0 (iPhone; CPU iPhone OS 10_3_3 like Mac OS X) AppleWebKit/603.3.8 (KHTML, like Gecko) Version/10.0 Mobile/14G60 Safari/602.1'),(471,45,50.002346776027,36.248904850142,'Mozilla/5.0 (iPhone; CPU iPhone OS 10_3_3 like Mac OS X) AppleWebKit/603.3.8 (KHTML, like Gecko) Version/10.0 Mobile/14G60 Safari/602.1'),(472,39,50.001095800000,36.251587400000,'Mozilla/5.0 (Linux; Android 5.1.1; HUAWEI SCL-L21 Build/HuaweiSCL-L21) AppleWebKit/537.36 (KHTML, like Gecko) Chrome/59.0.3071.125 Mobile Safari/537.36'),(473,13,50.000969000000,36.251410300000,'Mozilla/5.0 (Linux; Android 5.1; m3 note Build/LMY47I) AppleWebKit/537.36 (KHTML, like Gecko) Chrome/62.0.3202.84 Mobile Safari/537.36'),(474,9,50.002190100000,36.251596800000,'Mozilla/5.0 (Linux; Android 4.4.2; Lenovo S960 Build/KOT49H) AppleWebKit/537.36 (KHTML, like Gecko) Chrome/62.0.3202.84 Mobile Safari/537.36'),(475,8,50.001033400000,36.251542600000,'Mozilla/5.0 (Linux; Android 5.1; MZ-m3 note Build/LMY47I) AppleWebKit/537.36 (KHTML, like Gecko) Version/4.0 Chrome/45.0.2454.94 Mobile Safari/537.36'),(476,11,50.001523641052,36.251416752113,'Mozilla/5.0 (Macintosh; Intel Mac OS X 10_12_4) AppleWebKit/603.1.30 (KHTML, like Gecko) Version/10.1 Safari/603.1.30'),(477,17,50.001579330000,36.251921510000,'Mozilla/5.0 (Macintosh; Intel Mac OS X 10_12_4) AppleWebKit/603.1.30 (KHTML, like Gecko) Version/10.1 Safari/603.1.30'),(478,46,10.000000000000,0.000000000000,'Mozilla/5.0 (Linux; Android 5.1; MZ-m3 note Build/LMY47I) AppleWebKit/537.36 (KHTML, like Gecko) Version/4.0 Chrome/45.0.2454.94 Mobile Safari/537.36'),(479,46,10.000000000000,0.000000000000,'Mozilla/5.0 (Linux; Android 5.1; MZ-m3 note Build/LMY47I) AppleWebKit/537.36 (KHTML, like Gecko) Version/4.0 Chrome/45.0.2454.94 Mobile Safari/537.36'),(480,30,50.450416564941,30.523540496826,'Mozilla/5.0 (Windows NT 10.0; WOW64) AppleWebKit/537.36 (KHTML, like Gecko) Chrome/61.0.3163.100 YaBrowser/17.10.1.1208 Yowser/2.5 Safari/537.36'),(481,9,50.001050900000,36.251632200000,'Mozilla/5.0 (Linux; Android 4.4.2; Lenovo S960 Build/KOT49H) AppleWebKit/537.36 (KHTML, like Gecko) Chrome/62.0.3202.84 Mobile Safari/537.36'),(482,13,49.999762200000,36.254479200000,'Mozilla/5.0 (Linux; Android 5.1; m3 note Build/LMY47I) AppleWebKit/537.36 (KHTML, like Gecko) Chrome/62.0.3202.84 Mobile Safari/537.36'),(483,9,50.001058500000,36.251649100000,'Mozilla/5.0 (Linux; Android 4.4.2; Lenovo S960 Build/KOT49H) AppleWebKit/537.36 (KHTML, like Gecko) Chrome/62.0.3202.84 Mobile Safari/537.36'),(484,13,49.999762200000,36.254479200000,'Mozilla/5.0 (Linux; Android 5.1; m3 note Build/LMY47I) AppleWebKit/537.36 (KHTML, like Gecko) Chrome/62.0.3202.84 Mobile Safari/537.36'),(485,9,50.001070100000,36.251643800000,'Mozilla/5.0 (Linux; Android 4.4.2; Lenovo S960 Build/KOT49H) AppleWebKit/537.36 (KHTML, like Gecko) Chrome/62.0.3202.84 Mobile Safari/537.36'),(486,13,50.001153800000,36.255489000000,'Mozilla/5.0 (Linux; Android 5.1; m3 note Build/LMY47I) AppleWebKit/537.36 (KHTML, like Gecko) Chrome/62.0.3202.84 Mobile Safari/537.36'),(487,13,50.001190185547,36.250811767578,'Mozilla/5.0 (Macintosh; Intel Mac OS X 10_12_4) AppleWebKit/603.1.30 (KHTML, like Gecko) Version/10.1 Safari/603.1.30'),(488,13,50.001219957899,36.251135318894,'Mozilla/5.0 (Macintosh; Intel Mac OS X 10_12_4) AppleWebKit/603.1.30 (KHTML, like Gecko) Version/10.1 Safari/603.1.30'),(489,20,50.001358228297,36.251605516147,'Mozilla/5.0 (Macintosh; Intel Mac OS X 10_12_4) AppleWebKit/603.1.30 (KHTML, like Gecko) Version/10.1 Safari/603.1.30'),(490,20,50.001009057916,36.251342214284,'Mozilla/5.0 (Macintosh; Intel Mac OS X 10_12_4) AppleWebKit/603.1.30 (KHTML, like Gecko) Version/10.1 Safari/603.1.30'),(491,46,10.000000000000,0.000000000000,'Mozilla/5.0 (Linux; Android 5.1; MZ-m3 note Build/LMY47I) AppleWebKit/537.36 (KHTML, like Gecko) Version/4.0 Chrome/45.0.2454.94 Mobile Safari/537.36'),(492,26,49.998206000000,36.270803900000,'Mozilla/5.0 (Linux; Android 6.0; LG-H818 Build/MRA58K) AppleWebKit/537.36 (KHTML, like Gecko) Chrome/62.0.3202.84 Mobile Safari/537.36'),(493,26,49.998206000000,36.270803900000,'Mozilla/5.0 (Linux; Android 6.0; LG-H818 Build/MRA58K) AppleWebKit/537.36 (KHTML, like Gecko) Chrome/62.0.3202.84 Mobile Safari/537.36'),(494,26,49.998206000000,36.270803900000,'Mozilla/5.0 (Linux; Android 6.0; LG-H818 Build/MRA58K) AppleWebKit/537.36 (KHTML, like Gecko) Chrome/62.0.3202.84 Mobile Safari/537.36'),(495,26,50.001067700000,36.251527900000,'Mozilla/5.0 (Linux; Android 6.0; LG-H818 Build/MRA58K) AppleWebKit/537.36 (KHTML, like Gecko) Chrome/62.0.3202.84 Mobile Safari/537.36'),(496,34,50.001075800000,36.251458200000,'Mozilla/5.0 (Linux; Android 4.4.2; GT-I9301I Build/KOT49H) AppleWebKit/537.36 (KHTML, like Gecko) Chrome/62.0.3202.84 Mobile Safari/537.36'),(497,41,50.001715087891,36.251861572266,'Mozilla/5.0 (Macintosh; Intel Mac OS X 10_12_4) AppleWebKit/603.1.30 (KHTML, like Gecko) Version/10.1 Safari/603.1.30'),(498,53,10.000000000000,0.000000000000,'Mozilla/5.0 (Linux; Android 5.1; MZ-m3 note Build/LMY47I) AppleWebKit/537.36 (KHTML, like Gecko) Version/4.0 Chrome/45.0.2454.94 Mobile Safari/537.36'),(499,53,10.000000000000,0.000000000000,'Mozilla/5.0 (Linux; Android 5.1; MZ-m3 note Build/LMY47I) AppleWebKit/537.36 (KHTML, like Gecko) Version/4.0 Chrome/45.0.2454.94 Mobile Safari/537.36'),(500,34,50.001535090713,36.251608902886,'Mozilla/5.0 (Macintosh; Intel Mac OS X 10_12_4) AppleWebKit/603.1.30 (KHTML, like Gecko) Version/10.1 Safari/603.1.30'),(501,63,50.001315035682,36.251121950191,'Mozilla/5.0 (Macintosh; Intel Mac OS X 10_12_6) AppleWebKit/603.3.8 (KHTML, like Gecko) Version/10.1.2 Safari/603.3.8'),(502,55,50.001054700000,36.251591300000,'Mozilla/5.0 (Linux; Android 6.0.1; SM-J500H Build/MMB29M) AppleWebKit/537.36 (KHTML, like Gecko) Chrome/61.0.3163.98 Mobile Safari/537.36'),(503,13,50.001053500000,36.251559400000,'Mozilla/5.0 (Linux; Android 5.1; m3 note Build/LMY47I) AppleWebKit/537.36 (KHTML, like Gecko) Chrome/62.0.3202.84 Mobile Safari/537.36'),(504,9,50.001064300000,36.251557800000,'Mozilla/5.0 (Linux; Android 4.4.2; Lenovo S960 Build/KOT49H) AppleWebKit/537.36 (KHTML, like Gecko) Chrome/62.0.3202.84 Mobile Safari/537.36'),(505,65,49.999767700000,36.254461700000,'Mozilla/5.0 (Linux; Android 6.0; Lenovo K10a40 Build/MRA58K) AppleWebKit/537.36 (KHTML, like Gecko) Chrome/63.0.3239.107 Mobile Safari/537.36'),(506,10,49.998368800000,36.251427600000,'Mozilla/5.0 (Linux; Android 5.1; MZ-m3 note Build/LMY47I) AppleWebKit/537.36 (KHTML, like Gecko) Version/4.0 Chrome/45.0.2454.94 Mobile Safari/537.36');
/*!40000 ALTER TABLE `location` ENABLE KEYS */;
UNLOCK TABLES;

--
-- Table structure for table `migration_versions`
--

DROP TABLE IF EXISTS `migration_versions`;
/*!40101 SET @saved_cs_client     = @@character_set_client */;
/*!40101 SET character_set_client = utf8 */;
CREATE TABLE `migration_versions` (
  `version` varchar(255) COLLATE utf8_unicode_ci NOT NULL,
  PRIMARY KEY (`version`)
) ENGINE=InnoDB DEFAULT CHARSET=utf8 COLLATE=utf8_unicode_ci;
/*!40101 SET character_set_client = @saved_cs_client */;

--
-- Dumping data for table `migration_versions`
--

LOCK TABLES `migration_versions` WRITE;
/*!40000 ALTER TABLE `migration_versions` DISABLE KEYS */;
INSERT INTO `migration_versions` VALUES ('20170904200245'),('20170913143031'),('20170913145740'),('20170913194917'),('20170913195637'),('20170913202304'),('20170913210403'),('20170913212219'),('20170913213916'),('20170913224223'),('20170913234543'),('20171120215739'),('20171120220444');
/*!40000 ALTER TABLE `migration_versions` ENABLE KEYS */;
UNLOCK TABLES;

--
-- Table structure for table `question`
--

DROP TABLE IF EXISTS `question`;
/*!40101 SET @saved_cs_client     = @@character_set_client */;
/*!40101 SET character_set_client = utf8 */;
CREATE TABLE `question` (
  `id` int(11) NOT NULL AUTO_INCREMENT,
  `text` varchar(255) COLLATE utf8_unicode_ci NOT NULL,
  PRIMARY KEY (`id`)
) ENGINE=InnoDB AUTO_INCREMENT=110 DEFAULT CHARSET=utf8 COLLATE=utf8_unicode_ci;
/*!40101 SET character_set_client = @saved_cs_client */;

--
-- Dumping data for table `question`
--

LOCK TABLES `question` WRITE;
/*!40000 ALTER TABLE `question` DISABLE KEYS */;
INSERT INTO `question` VALUES (1,'Какие ОС называются мультипрограммными?'),(2,'Какие существуют способы реализации ядра системы?'),(3,'Что обычно входит в состав ядра ОС?'),(4,'Какие особенности характерны для современных универсальных операционных систем?'),(5,'Какие особенности характерны для ОС Unix'),(6,'Какие типы операционных систем используются наиболее часто в настоящее время?'),(7,'Какие задачи необходимо решать при создании мультипрограммных ОС'),(8,'Какое соотношение между используемыми на СЕРВЕРАХ операционными системами сложилось в настоящее время?'),(9,'Какие утверждения относительно понятия «Ядро операционной системы» являются правильными?'),(10,'Какие шаги в алгоритме взаимодействия приложения с системой выполняются операционной системой'),(11,'Что может быть причиной появления внутреннего прерывания'),(12,'Какие операции определяют взаимодействие драйвера с контроллером'),(13,'Какие операции включает в себя вызов обработчика нового прерывания'),(14,'Что входит в программный уровень подсистемы ввода/вывода'),(15,'Что определяет понятие “порт ввода/вывода”'),(16,'Какие существуют типы прерываний'),(17,'Какие утверждения относительно понятия прерывания являются правильными'),(18,'Какую информацию могут содержать регистры контроллеров устройства'),(19,'Как выстраиваются аппаратные прерывания в зависимости от их приоритета'),(20,'Что может быть причиной появления внешнего прерывания'),(21,'Какие базовые функции ОС не выполняют модули ядра?'),(22,'Какие программы предназначены для обслуживания конкретных периферийных устройств?'),(23,'Что дистрибутив Ubuntu имеет в качестве графической рабочей среды?'),(24,'Как называются программы, позволяющие создавать копии файлов меньшего размера и объединять копии нескольких файлов в один архивный файл?'),(25,'Как называются неподвижные или анимированные изображения, которые появляются на экране компьютера после какого-то времени бездействия?'),(26,'Какое расширение имеют пакетные командные файлы MS DOS?'),(27,'Что такое системный реестр?'),(28,'Какой операционной системы не существует?'),(29,'Где находится BIOS?'),(30,'Какой тип ОС не относится к многозадачным?'),(31,'Какая команда используется для переименования файла?'),(32,'Какая команда используется для создания директории?'),(33,'Для чего служит загрузчик операционной системы?'),(34,'Какой подсистемы управления нет в ОС?'),(35,'Как называется информационная структура, которая содержит информацию, необходимую для возобновления выполнения процесса после прерывания и поэтому сохраняемую перед прерыванием?'),(36,'Какое состояние не определено для потока в системе?'),(37,'Каких классов прерываний не существует?'),(38,'Частью чего является файловая система?'),(39,'Какую информацию не содержит дескриптор процесса?'),(40,'Какой максимальный размер диска поддерживает FAT16?'),(41,'Где содержится главная загрузочная запись (MBR)?'),(42,'Как называется программный продукт, предназначенный для решения вспомогательных задач?'),(43,'Какой вирус относится к вирусам, различающимся по среде обитания?'),(44,'Как называется резервное копирование информации?'),(45,'Что произойдет, если при загрузке не будет выбрана ни одна из предложенных операционных систем?'),(46,'Какая команда позволяет управлять потоком вывода на дисплей?'),(47,'Кто является создателем операционной системы Linux?'),(48,'Какое название носят современные операционные системы компании Microsoft?'),(49,'Как называется папка, которая выступает в качестве вершины файловой структуры?'),(50,'Названиями чего являются KDE, GNOME, Xfce?'),(51,'Какой процесс позволяет записывать файлы в кластеры, последовательно идущие друг за другом?'),(52,'Какая системная программа служит для управления всеми разделяемыми ресурсами компьютера?'),(53,'Какая команда используется для просмотра оглавления каталога?'),(54,'Какая команда используется для приостановки выполнения командных файлов?'),(55,'Какие функции выполняет операционная система?'),(56,'Как называется исполняемый код, содержащий обращения к функциям операционной системы и через их посредство получающий доступ к ресурсам?'),(57,'Какие операционные системы управляют разделением совместно используемых ресурсов?'),(58,'Каких смен состояний не существует в системе?'),(59,'Как называется информационная структура, которая содержит информацию о процессе, необходимую ядру ОС в течение всего жизненного цикла процесса независимо от его состояния?'),(60,'Какую информацию не содержит контекст процесса?'),(61,'Где хранятся атрибуты файлов в файловой системе FAT?'),(62,'Как называется раздел, с которого загружается ОС при запуске компьютера?'),(63,'Что отражает числовое значение 12, 16, 32 в файловой системе FAT?'),(64,'Что такое файл?'),(65,'Что такое BIOS?'),(66,'Какой вид многозадачности не существует?'),(67,'Функции процессора состоят в'),(68,'Оперативная память предназначена для:'),(69,'Внешняя память предназначена для:'),(70,'Оперативная память — это совокупность:'),(71,'Устройствами внешней памяти являются (выберете несколько вариантов):'),(72,'К устройствам ввода информации относятся:'),(73,'Дайте определение: Звуковая плата –'),(74,'Устройство, в котором собраны важнейшие элементы ПК, обеспечивающие еработу?'),(75,'Какое устройство выполняет ввод программ и данных в ЭВМ?'),(76,'Закончите предложение: набор электронных линий, осуществляющих взаимосвязь и обмен информацией межвсеми устройствами компьютера называется …'),(77,'Дайте определение: Видеоплата –'),(78,'При зависании компьютера необходимо…'),(79,'Перегрев системы происходит из за:'),(80,'Какое устройство обеспечивает электрической энергией все другие компоненты внутри системноблока?'),(81,'При выключении компьютера вся информация стирается ...'),(82,'Ядро операционной системы'),(83,'Привилегированный режим работы программы'),(84,'К основным функциям операционных систем относятся:'),(85,'Ресурс процесса'),(86,'Дать определение невытесняющей многозадачности'),(87,'Дать определение вытесняющей многозадачности'),(88,'Дистрибутив операционной системы включает:'),(89,'При установке ОС Linux рекомендуется выбрать файловую систему:'),(90,'Список пользователей системы хранится в файле'),(91,'Конвейером называют:'),(92,'Пакет с программным обеспечением в Linux содержит:'),(93,'Командная оболочка операционной системы :'),(94,'Команда ls :'),(95,'Для копирования файлов в ОС Linux используется команда:'),(96,'Файловый менеджер :'),(97,'Для завершения работы системы в ОС Linux используется команда :'),(98,'Режимы работы редактора vi :'),(99,'Права доступа к файлу определяются :'),(100,'Атрибуты прав доступа к файлу включают :'),(101,'Конфигурационные файлы в ОС Linux хранятся преимущественно:'),(102,'При страничной организации виртуальной памяти:'),(103,'Выберите правильные утверждения для многопроцессорных операционных систем:'),(104,'Пользователь root — это'),(105,'Лицензия на программное обеспечение нужна, чтобы'),(106,'Укажите особенности алгоритмов планирования процесса, использующие понятие приоритета?'),(107,'Способ планирования процессов, при котором активный процесс выполняется до тех пор, пока он сам не отдаст управление планировщику ОС для того, чтобы тот выбрал из очереди другой, готовый к выполнению процесс:'),(108,'Как называется ситуация, которая возникает в результате воздействия какого-то независимого события, приводящего к временному прекращению выполнения последовательности команд одной программы с целью выполнения последовательности команд другой программы?'),(109,'Способ планирования процессов, при котором решение о переключении  выполнения одного процесса на выполнение другого процесса принимается планировщиком операционной системы, а не самой активной задачей:');
/*!40000 ALTER TABLE `question` ENABLE KEYS */;
UNLOCK TABLES;

--
-- Table structure for table `room`
--

DROP TABLE IF EXISTS `room`;
/*!40101 SET @saved_cs_client     = @@character_set_client */;
/*!40101 SET character_set_client = utf8 */;
CREATE TABLE `room` (
  `id` int(11) NOT NULL AUTO_INCREMENT,
  `name` varchar(10) COLLATE utf8_unicode_ci NOT NULL,
  `latitude` decimal(15,12) NOT NULL,
  `longitude` decimal(15,12) NOT NULL,
  PRIMARY KEY (`id`),
  UNIQUE KEY `UNIQ_729F519B5E237E06` (`name`)
) ENGINE=InnoDB AUTO_INCREMENT=4 DEFAULT CHARSET=utf8 COLLATE=utf8_unicode_ci;
/*!40101 SET character_set_client = @saved_cs_client */;

--
-- Dumping data for table `room`
--

LOCK TABLES `room` WRITE;
/*!40000 ALTER TABLE `room` DISABLE KEYS */;
INSERT INTO `room` VALUES (1,'ВЦ #23',50.001054000000,36.251711000000),(2,'У1 #306',49.998406000000,36.251636000000),(3,'ВЦ 1-2',50.001042000000,36.251243000000);
/*!40000 ALTER TABLE `room` ENABLE KEYS */;
UNLOCK TABLES;

--
-- Table structure for table `stud_group`
--

DROP TABLE IF EXISTS `stud_group`;
/*!40101 SET @saved_cs_client     = @@character_set_client */;
/*!40101 SET character_set_client = utf8 */;
CREATE TABLE `stud_group` (
  `id` int(11) NOT NULL AUTO_INCREMENT,
  `name` varchar(10) COLLATE utf8_unicode_ci NOT NULL,
  PRIMARY KEY (`id`),
  UNIQUE KEY `UNIQ_9EC83ACC5E237E06` (`name`)
) ENGINE=InnoDB AUTO_INCREMENT=9 DEFAULT CHARSET=utf8 COLLATE=utf8_unicode_ci;
/*!40101 SET character_set_client = @saved_cs_client */;

--
-- Dumping data for table `stud_group`
--

LOCK TABLES `stud_group` WRITE;
/*!40000 ALTER TABLE `stud_group` DISABLE KEYS */;
INSERT INTO `stud_group` VALUES (1,'КиТ-43а'),(2,'КиТ-43б'),(3,'КиТ-46а'),(4,'КиТ-46б'),(5,'КиТ-83'),(6,'КиТ-86а'),(7,'КиТ-86б'),(8,'КиТ-96');
/*!40000 ALTER TABLE `stud_group` ENABLE KEYS */;
UNLOCK TABLES;

--
-- Table structure for table `user`
--

DROP TABLE IF EXISTS `user`;
/*!40101 SET @saved_cs_client     = @@character_set_client */;
/*!40101 SET character_set_client = utf8 */;
CREATE TABLE `user` (
  `id` int(11) NOT NULL AUTO_INCREMENT,
  `email` varchar(255) COLLATE utf8_unicode_ci NOT NULL,
  `phone` varchar(35) COLLATE utf8_unicode_ci NOT NULL,
  `password` varchar(255) COLLATE utf8_unicode_ci NOT NULL,
  `first_name` varchar(255) COLLATE utf8_unicode_ci NOT NULL,
  `last_name` varchar(255) COLLATE utf8_unicode_ci NOT NULL,
  `group_id` int(11) DEFAULT NULL,
  `is_admin` tinyint(1) NOT NULL DEFAULT '0',
  PRIMARY KEY (`id`),
  UNIQUE KEY `UNIQ_8D93D649E7927C74` (`email`),
  UNIQUE KEY `UNIQ_8D93D649444F97DD` (`phone`),
  KEY `IDX_8D93D649FE54D947` (`group_id`),
  CONSTRAINT `FK_8D93D649FE54D947` FOREIGN KEY (`group_id`) REFERENCES `stud_group` (`id`)
) ENGINE=InnoDB AUTO_INCREMENT=68 DEFAULT CHARSET=utf8 COLLATE=utf8_unicode_ci;
/*!40101 SET character_set_client = @saved_cs_client */;

--
-- Dumping data for table `user`
--

LOCK TABLES `user` WRITE;
/*!40000 ALTER TABLE `user` DISABLE KEYS */;
INSERT INTO `user` VALUES (6,'vals@gmail.com','+380509817222','zaqwsx','Valeriy','Zavolodko',NULL,1),(7,'ann.zavolodko@gmail.com','+380509110258','qwerty','Anna','Zavolodko',NULL,1),(8,'Alexey_Checheta@mail.ru','+380990606260','12345678a','Алексей','Чечета',3,0),(9,'shilo99@inbox.ru','+380954644480','seryonya1999','Сергей','Шило',3,0),(10,'aleksandr.hondogy@yandex.ru','+380956642677','Sergeevka867','Александр','Хондогий',3,0),(11,'starikova.evgeniya1998@gmail.com','+380661406158','kot1998','Евгения','Старикова',3,0),(12,'andrey.klk.1999@gmail.com','+380955142146','andrey18','Андрей','Кулик',3,0),(13,'vkrinichanskiy@ukr.net','+380501823671','vadim12031999','Вадим','Криничанский',3,0),(14,'vladdddddd4@mail.ru','+380994496686','zxcbnm','Владислав','Пацула',3,0),(15,'easywaytothebetterlife@gmail.com','+380995114996','можновсе1372','Илья','Марченко',3,0),(16,'kv110696@gmail.com','+380671216434','vetal123','Виталий','Кравченко',3,0),(17,'nata.haydar.nh@gmail.com','+380666292436','nata.haydar.nh1998','Наталия','Гайдар',3,0),(18,'work.tivikov@gmail.com','+380952536843','12345678','Данил','Тивиков',3,0),(19,'ifyoureadingthisitstoolate13@gmail.com','+380507087355','glockstillcando','Алексей','Рябокобыла',3,0),(20,'gridzhan.ekaterina@gmail.com','+380962206999','savinainna','Екатерина','Гриджан',3,0),(21,'kingmetok@gmail.com','+380971180268','metokpanda276276','Михаил','Пинчук',4,0),(22,'alena.companiets29@ya.ru','+380961688497','atpfv2016','Елена','Компаниец',3,0),(23,'gosha-sacha@mail.ru','+380993580393','11051999','Александр','Гогоша',3,0),(24,'i.m.parisian.girl@gmail.com','+380984106824','tree-nymph','Екатерина','Хохлова',4,0),(25,'demochko.lika@gmail.com','+380506016955','agrepinaa999','Анжелика','Демочко',4,0),(26,'sidorenkoliza@meta.ua','+380730648128','healer','Елизавета','Сидоренко',7,0),(27,'dim.korytov97@gmail.com','+380507747692','16548742ww','Дима','Корытов',8,0),(28,'tarnovskij1990@mail.ru','+380664170900','Talan2030','Анатолий','Тарновский',3,0),(29,'zaporozhan.vika@gmail.com','+380996396027','30Secondtodie','Виктория','Запорожан',4,0),(30,'ivawaley@gmail.com','+380734794625','22597420','Иван','Коновалов',7,0),(31,'Alinkas5660@gmail.com','+380666405526','0664463144','Алина','Дементьева',7,0),(32,'catbro9@gmail.com','+380689948934','roma1234568','Роман','Звягин',4,0),(33,'vika.tsukan@gmail.com','+380506992922','kd4230dr24041999','Виктория','Цукан',7,0),(34,'khizhniashka@gmail.com','+380501663451','khizhniashka','Виктория','Хижняк',4,0),(35,'an.sitnickowa31@gmail.com','+380956726942','04021999an','Анастасия','Ситникова',8,0),(36,'kazhevina123@gmail.com','+380969192535','G230299pl','Полина','Кажевина',8,0),(37,'gudnasty@gmail.com','+380993429330','13141518nng','Анастасия','Гудкова',6,0),(38,'mykola.j.s4@gmail.com','+380999546308','sem279927','Николай','Семенихин',7,0),(39,'niklogachov@mail.ru','+380504043493','2345wertsdfgxcvb','Никита','Логачёв',6,0),(40,'harvi@midnight.army','+380954713007','ilovehpi','Женя','Tolstokurov',6,0),(41,'oliynyk.yevheniya@gmail.com','+380996603370','qwerty22','Евгения','Олейник',4,0),(42,'ezio7777@gmail.com','+380958093254','qwerty12','Владислав','Фастивец',1,0),(44,'shulga.pavlo@yandex.ua','+380664751929','Avalon2123','Павел','Шульга',7,0),(45,'mishakrass@gmail.com','+380995328182','gfhjkm123228','Михаил','Красновский',6,0),(46,'vitalik.filchakov@gmail.com','+380994598788','vf15091999','Виталий','Фильчаков',7,0),(47,'kocenkotaras@gmail.com','+380671967612','Detech12345_s','Тарам','Косенко',8,0),(48,'Polinap@i.ua','+380975981572','53829165','Полина','Прахова',6,0),(49,'nikexen@gmail.com','+380995328698','nikkorbut98','Никита','Корбут',7,0),(50,'verlov.1999@gmail.com','+380954883198','852456','Ростик','Верловицкий',4,0),(51,'kekas2313@gmail.com','+380956844237','kokos2312','Владимир','Ищенко',4,0),(52,'VladPodshivalov777@gmail.com','+380937465738','Samofalchik1','Владислав','Подшивалов',4,0),(53,'dankoleman@gmail.com','+380996654723','danill1278','Данил','Колесник',4,0),(54,'essaturday@gmail.com','+380982690554','sdfklj33','Evgenij','Subbota',1,0),(55,'yulyana12@yandex.ua','+380509388805','zytreh.','Юлия','Щерба',6,0),(56,'Tigrasha.Kuzmenko@gmail.com','+380993140176','AnnaVladimir1','Юлия','Гарбуз',7,0),(57,'vals2004+stud@gmail.com','+380509817777','vals2004+stud@gmail.com','Vals','Vals',3,0),(58,'alena.companiets29@gmail.com','+380633060623','2909','Елена','Компаниец',3,0),(59,'haydarnataliia@gmail.com','+380682878705','nata.haydar.nh1998','Наталия','Гайдар',3,0),(60,'extremefight1@gmail.com','+380958403148','30061999','Вячеслав','Шевченко',4,0),(61,'shelyagov12@gmail.com','+380954299241','football2014','Михаил','Шелягов',6,0),(62,'shendrik14@gmail.com','+380951896418','zarufo9339','Михаил','Шендрик',6,0),(63,'z.bryuhanov@gmail.com','+380664903588','975312468','Евгений','Брюханов',6,0),(64,'kit46b@gmail.com','+380992029630','TTcuxsema123456','Семен','Лагунов',4,0),(65,'ser.4izh@gmail.com','+380676077528','Sergey98!','Сергей','Бодня',3,0),(66,'Pushes99@ukr.net','+380675286144','200series','Александр','Прокопов',3,0),(67,'asda@ssss.com','dasasd','asd','asda','asdasda',4,0);
/*!40000 ALTER TABLE `user` ENABLE KEYS */;
UNLOCK TABLES;

--
-- Table structure for table `users_lessons`
--

DROP TABLE IF EXISTS `users_lessons`;
/*!40101 SET @saved_cs_client     = @@character_set_client */;
/*!40101 SET character_set_client = utf8 */;
CREATE TABLE `users_lessons` (
  `user_id` int(11) NOT NULL,
  `lesson_id` int(11) NOT NULL,
  PRIMARY KEY (`lesson_id`,`user_id`),
  KEY `IDX_CF426C13A76ED395` (`user_id`),
  KEY `IDX_CF426C13CDF80196` (`lesson_id`),
  CONSTRAINT `FK_CF426C13A76ED395` FOREIGN KEY (`user_id`) REFERENCES `user` (`id`) ON DELETE CASCADE,
  CONSTRAINT `FK_CF426C13CDF80196` FOREIGN KEY (`lesson_id`) REFERENCES `lesson` (`id`) ON DELETE CASCADE
) ENGINE=InnoDB DEFAULT CHARSET=utf8 COLLATE=utf8_unicode_ci;
/*!40101 SET character_set_client = @saved_cs_client */;

--
-- Dumping data for table `users_lessons`
--

LOCK TABLES `users_lessons` WRITE;
/*!40000 ALTER TABLE `users_lessons` DISABLE KEYS */;
INSERT INTO `users_lessons` VALUES (7,3),(8,1),(8,2),(8,10),(8,12),(8,16),(8,20),(9,1),(9,10),(9,12),(9,16),(9,20),(9,25),(10,1),(10,2),(10,10),(10,12),(10,20),(10,25),(11,1),(11,2),(11,10),(11,16),(11,20),(12,1),(12,10),(12,12),(12,20),(13,1),(13,2),(13,10),(13,12),(13,16),(13,20),(13,25),(14,1),(14,10),(15,2),(15,10),(16,1),(16,2),(17,1),(17,12),(17,16),(17,20),(18,1),(18,2),(18,12),(19,1),(19,10),(20,1),(20,12),(20,20),(21,5),(23,1),(24,5),(24,13),(25,2),(26,17),(26,21),(29,2),(29,5),(30,17),(31,17),(32,2),(33,17),(34,22),(35,2),(35,6),(35,14),(36,2),(36,6),(36,14),(37,15),(37,24),(38,17),(39,15),(39,19),(40,15),(40,19),(41,5),(45,8),(45,15),(45,19),(46,17),(46,21),(48,15),(48,19),(48,24),(49,4),(50,5),(52,13),(53,5),(53,18),(53,22),(55,8),(55,19),(55,24),(56,17),(57,9),(57,10),(57,11),(58,10),(58,12),(61,15),(61,19),(61,24),(62,15),(63,15),(63,19),(64,18),(65,25),(66,25);
/*!40000 ALTER TABLE `users_lessons` ENABLE KEYS */;
UNLOCK TABLES;
/*!40103 SET TIME_ZONE=@OLD_TIME_ZONE */;

/*!40101 SET SQL_MODE=@OLD_SQL_MODE */;
/*!40014 SET FOREIGN_KEY_CHECKS=@OLD_FOREIGN_KEY_CHECKS */;
/*!40014 SET UNIQUE_CHECKS=@OLD_UNIQUE_CHECKS */;
/*!40101 SET CHARACTER_SET_CLIENT=@OLD_CHARACTER_SET_CLIENT */;
/*!40101 SET CHARACTER_SET_RESULTS=@OLD_CHARACTER_SET_RESULTS */;
/*!40101 SET COLLATION_CONNECTION=@OLD_COLLATION_CONNECTION */;
/*!40111 SET SQL_NOTES=@OLD_SQL_NOTES */;

-- Dump completed on 2018-09-04 13:00:48
